ADCAN4Buf[0], 7168,
ADCAN4Buf[1], 7168,
ADCAN4Buf[2], 7168,
ADCAN4Buf[3], 7168,
ADCAN4Buf[4], 7168,
ADCAN4Buf[5], 6592,
ADCAN4Buf[6], 6592,
ADCAN4Buf[7], 6592,
ADCAN4Buf[8], 6400,
ADCAN4Buf[9], 6592,
ADCAN4Buf[10], 6336,
ADCAN4Buf[11], 6208,
ADCAN4Buf[12], 6144,
ADCAN4Buf[13], 6144,
ADCAN4Buf[14], 6144,
ADCAN4Buf[15], 6144,
ADCAN4Buf[16], 6144,
ADCAN4Buf[17], 6144,
ADCAN4Buf[18], 6144,
ADCAN4Buf[19], 6144,
ADCAN4Buf[20], 6144,
ADCAN4Buf[21], 6144,
ADCAN4Buf[22], 6144,
ADCAN4Buf[23], 6144,
ADCAN4Buf[24], 6144,
ADCAN4Buf[25], 6208,
ADCAN4Buf[26], 6336,
ADCAN4Buf[27], 6336,
ADCAN4Buf[28], 6592,
ADCAN4Buf[29], 7168,
ADCAN4Buf[30], 7168,
ADCAN4Buf[31], 7168,
ADCAN4Buf[32], 7168,
ADCAN4Buf[33], 7232,
ADCAN4Buf[34], 7680,
ADCAN4Buf[35], 7680,
ADCAN4Buf[36], 7744,
ADCAN4Buf[37], 8192,
ADCAN4Buf[38], 8192,
ADCAN4Buf[39], 8448,
ADCAN4Buf[40], 8768,
ADCAN4Buf[41], 8768,
ADCAN4Buf[42], 9088,
ADCAN4Buf[43], 9152,
ADCAN4Buf[44], 9152,
ADCAN4Buf[45], 9600,
ADCAN4Buf[46], 9728,
ADCAN4Buf[47], 9792,
ADCAN4Buf[48], 9984,
ADCAN4Buf[49], 10176,
ADCAN4Buf[50], 10176,
ADCAN4Buf[51], 10176,
ADCAN4Buf[52], 10176,
ADCAN4Buf[53], 10176,
ADCAN4Buf[54], 10176,
ADCAN4Buf[55], 10176,
ADCAN4Buf[56], 10176,
ADCAN4Buf[57], 10176,
ADCAN4Buf[58], 10176,
ADCAN4Buf[59], 10176,
ADCAN4Buf[60], 10176,
ADCAN4Buf[61], 10176,
ADCAN4Buf[62], 10176,
ADCAN4Buf[63], 10176,
ADCAN4Buf[64], 10176,
ADCAN4Buf[65], 10176,
ADCAN4Buf[66], 10176,
ADCAN4Buf[67], 10176,
ADCAN4Buf[68], 10176,
ADCAN4Buf[69], 10176,
ADCAN4Buf[70], 10176,
ADCAN4Buf[71], 10176,
ADCAN4Buf[72], 10112,
ADCAN4Buf[73], 9984,
ADCAN4Buf[74], 10112,
ADCAN4Buf[75], 9984,
ADCAN4Buf[76], 9792,
ADCAN4Buf[77], 9728,
ADCAN4Buf[78], 9728,
ADCAN4Buf[79], 9600,
ADCAN4Buf[80], 9728,
ADCAN4Buf[81], 9152,
ADCAN4Buf[82], 9152,
ADCAN4Buf[83], 8960,
ADCAN4Buf[84], 8960,
ADCAN4Buf[85], 8960,
ADCAN4Buf[86], 8640,
ADCAN4Buf[87], 8640,
ADCAN4Buf[88], 8640,
ADCAN4Buf[89], 8640,
ADCAN4Buf[90], 8576,
ADCAN4Buf[91], 8576,
ADCAN4Buf[92], 8384,
ADCAN4Buf[93], 8384,
ADCAN4Buf[94], 8256,
ADCAN4Buf[95], 8192,
ADCAN4Buf[96], 8064,
ADCAN4Buf[97], 7936,
ADCAN4Buf[98], 7872,
ADCAN4Buf[99], 7744,
ADCAN4Buf[100], 7680,
ADCAN4Buf[101], 7552,
ADCAN4Buf[102], 7296,
ADCAN4Buf[103], 7168,
ADCAN4Buf[104], 7168,
ADCAN4Buf[105], 7168,
ADCAN4Buf[106], 7168,
ADCAN4Buf[107], 6592,
ADCAN4Buf[108], 6592,
ADCAN4Buf[109], 6400,
ADCAN4Buf[110], 6336,
ADCAN4Buf[111], 6144,
ADCAN4Buf[112], 6144,
ADCAN4Buf[113], 6144,
ADCAN4Buf[114], 6144,
ADCAN4Buf[115], 6144,
ADCAN4Buf[116], 6144,
ADCAN4Buf[117], 6144,
ADCAN4Buf[118], 6144,
ADCAN4Buf[119], 6144,
ADCAN4Buf[120], 6144,
ADCAN4Buf[121], 6144,
ADCAN4Buf[122], 5056,
ADCAN4Buf[123], 5056,
ADCAN4Buf[124], 5056,
ADCAN4Buf[125], 5056,
ADCAN4Buf[126], 4544,
ADCAN4Buf[127], 4544,
ADCAN4Buf[128], 4992,
ADCAN4Buf[129], 4544,
ADCAN4Buf[130], 4544,
ADCAN4Buf[131], 4544,
ADCAN4Buf[132], 4992,
ADCAN4Buf[133], 4544,
ADCAN4Buf[134], 5056,
ADCAN4Buf[135], 5056,
ADCAN4Buf[136], 5056,
ADCAN4Buf[137], 5056,
ADCAN4Buf[138], 6144,
ADCAN4Buf[139], 6144,
ADCAN4Buf[140], 6144,
ADCAN4Buf[141], 6144,
ADCAN4Buf[142], 6144,
ADCAN4Buf[143], 6144,
ADCAN4Buf[144], 6336,
ADCAN4Buf[145], 6400,
ADCAN4Buf[146], 6592,
ADCAN4Buf[147], 7168,
ADCAN4Buf[148], 7168,
ADCAN4Buf[149], 7360,
ADCAN4Buf[150], 7552,
ADCAN4Buf[151], 7680,
ADCAN4Buf[152], 7744,
ADCAN4Buf[153], 8192,
ADCAN4Buf[154], 8384,
ADCAN4Buf[155], 8512,
ADCAN4Buf[156], 8640,
ADCAN4Buf[157], 8960,
ADCAN4Buf[158], 8960,
ADCAN4Buf[159], 9152,
ADCAN4Buf[160], 9152,
ADCAN4Buf[161], 9664,
ADCAN4Buf[162], 9472,
ADCAN4Buf[163], 9664,
ADCAN4Buf[164], 9664,
ADCAN4Buf[165], 9600,
ADCAN4Buf[166], 9664,
ADCAN4Buf[167], 9600,
ADCAN4Buf[168], 9472,
ADCAN4Buf[169], 9472,
ADCAN4Buf[170], 9408,
ADCAN4Buf[171], 9152,
ADCAN4Buf[172], 8960,
ADCAN4Buf[173], 9088,
ADCAN4Buf[174], 8640,
ADCAN4Buf[175], 8384,
ADCAN4Buf[176], 8192,
ADCAN4Buf[177], 7936,
ADCAN4Buf[178], 7552,
ADCAN4Buf[179], 7232,
ADCAN4Buf[180], 7168,
ADCAN4Buf[181], 6592,
ADCAN4Buf[182], 6144,
ADCAN4Buf[183], 6144,
ADCAN4Buf[184], 6144,
ADCAN4Buf[185], 6144,
ADCAN4Buf[186], 4544,
ADCAN4Buf[187], 4480,
ADCAN4Buf[188], 4096,
ADCAN4Buf[189], 4096,
ADCAN4Buf[190], 4096,
ADCAN4Buf[191], 3072,
ADCAN4Buf[192], 2496,
ADCAN4Buf[193], 1984,
ADCAN4Buf[194], 65472,
ADCAN4Buf[195], 65472,
ADCAN4Buf[196], 65472,
ADCAN4Buf[197], 65472,
ADCAN4Buf[198], 65472,
ADCAN4Buf[199], 65472,
ADCAN4Buf[200], 65472,
ADCAN4Buf[201], 65472,
ADCAN4Buf[202], 65472,
ADCAN4Buf[203], 65472,
ADCAN4Buf[204], 65472,
ADCAN4Buf[205], 65472,
ADCAN4Buf[206], 65472,
ADCAN4Buf[207], 65472,
ADCAN4Buf[208], 65472,
ADCAN4Buf[209], 65472,
ADCAN4Buf[210], 65472,
ADCAN4Buf[211], 65472,
ADCAN4Buf[212], 65472,
ADCAN4Buf[213], 65472,
ADCAN4Buf[214], 65472,
ADCAN4Buf[215], 65472,
ADCAN4Buf[216], 65472,
ADCAN4Buf[217], 65472,
ADCAN4Buf[218], 65472,
ADCAN4Buf[219], 65472,
ADCAN4Buf[220], 65472,
ADCAN4Buf[221], 65472,
ADCAN4Buf[222], 65472,
ADCAN4Buf[223], 65472,
ADCAN4Buf[224], 65472,
ADCAN4Buf[225], 65472,
ADCAN4Buf[226], 65472,
ADCAN4Buf[227], 65472,
ADCAN4Buf[228], 65472,
ADCAN4Buf[229], 65472,
ADCAN4Buf[230], 65472,
ADCAN4Buf[231], 65472,
ADCAN4Buf[232], 65472,
ADCAN4Buf[233], 65472,
ADCAN4Buf[234], 65472,
ADCAN4Buf[235], 65472,
ADCAN4Buf[236], 65472,
ADCAN4Buf[237], 65472,
ADCAN4Buf[238], 65472,
ADCAN4Buf[239], 65472,
ADCAN4Buf[240], 65472,
ADCAN4Buf[241], 65472,
ADCAN4Buf[242], 65472,
ADCAN4Buf[243], 65472,
ADCAN4Buf[244], 65472,
ADCAN4Buf[245], 65472,
ADCAN4Buf[246], 65472,
ADCAN4Buf[247], 65472,
ADCAN4Buf[248], 65472,
ADCAN4Buf[249], 65408,
ADCAN4Buf[250], 65472,
ADCAN4Buf[251], 65280,
ADCAN4Buf[252], 65280,
ADCAN4Buf[253], 65280,
ADCAN4Buf[254], 65280,
ADCAN4Buf[255], 65216,
ADCAN4Buf[256], 65216,
ADCAN4Buf[257], 65088,
ADCAN4Buf[258], 65024,
ADCAN4Buf[259], 64896,
ADCAN4Buf[260], 64896,
ADCAN4Buf[261], 64576,
ADCAN4Buf[262], 64512,
ADCAN4Buf[263], 63936,
ADCAN4Buf[264], 63872,
ADCAN4Buf[265], 63488,
ADCAN4Buf[266], 63488,
ADCAN4Buf[267], 63488,
ADCAN4Buf[268], 62400,
ADCAN4Buf[269], 61888,
ADCAN4Buf[270], 61632,
ADCAN4Buf[271], 61440,
ADCAN4Buf[272], 61440,
ADCAN4Buf[273], 60608,
ADCAN4Buf[274], 60416,
ADCAN4Buf[275], 59840,
ADCAN4Buf[276], 59328,
ADCAN4Buf[277], 59264,
ADCAN4Buf[278], 58880,
ADCAN4Buf[279], 58752,
ADCAN4Buf[280], 58304,
ADCAN4Buf[281], 58112,
ADCAN4Buf[282], 57920,
ADCAN4Buf[283], 57600,
ADCAN4Buf[284], 57472,
ADCAN4Buf[285], 57344,
ADCAN4Buf[286], 57216,
ADCAN4Buf[287], 57024,
ADCAN4Buf[288], 56896,
ADCAN4Buf[289], 56832,
ADCAN4Buf[290], 56832,
ADCAN4Buf[291], 56896,
ADCAN4Buf[292], 56832,
ADCAN4Buf[293], 56832,
ADCAN4Buf[294], 56832,
ADCAN4Buf[295], 56896,
ADCAN4Buf[296], 57088,
ADCAN4Buf[297], 57088,
ADCAN4Buf[298], 57344,
ADCAN4Buf[299], 57344,
ADCAN4Buf[300], 57536,
ADCAN4Buf[301], 57600,
ADCAN4Buf[302], 57792,
ADCAN4Buf[303], 57792,
ADCAN4Buf[304], 57920,
ADCAN4Buf[305], 58048,
ADCAN4Buf[306], 58176,
ADCAN4Buf[307], 58240,
ADCAN4Buf[308], 58304,
ADCAN4Buf[309], 58304,
ADCAN4Buf[310], 58560,
ADCAN4Buf[311], 58752,
ADCAN4Buf[312], 58880,
ADCAN4Buf[313], 58880,
ADCAN4Buf[314], 58944,
ADCAN4Buf[315], 59136,
ADCAN4Buf[316], 59264,
ADCAN4Buf[317], 59264,
ADCAN4Buf[318], 59264,
ADCAN4Buf[319], 59328,
ADCAN4Buf[320], 59328,
ADCAN4Buf[321], 59328,
ADCAN4Buf[322], 59328,
ADCAN4Buf[323], 59328,
ADCAN4Buf[324], 59328,
ADCAN4Buf[325], 59328,
ADCAN4Buf[326], 59328,
ADCAN4Buf[327], 59328,
ADCAN4Buf[328], 59328,
ADCAN4Buf[329], 59328,
ADCAN4Buf[330], 59264,
ADCAN4Buf[331], 59328,
ADCAN4Buf[332], 58944,
ADCAN4Buf[333], 58880,
ADCAN4Buf[334], 58816,
ADCAN4Buf[335], 58880,
ADCAN4Buf[336], 58304,
ADCAN4Buf[337], 58240,
ADCAN4Buf[338], 58240,
ADCAN4Buf[339], 57856,
ADCAN4Buf[340], 57728,
ADCAN4Buf[341], 57536,
ADCAN4Buf[342], 57216,
ADCAN4Buf[343], 57088,
ADCAN4Buf[344], 57088,
ADCAN4Buf[345], 56576,
ADCAN4Buf[346], 56320,
ADCAN4Buf[347], 56320,
ADCAN4Buf[348], 56320,
ADCAN4Buf[349], 55744,
ADCAN4Buf[350], 55360,
ADCAN4Buf[351], 55552,
ADCAN4Buf[352], 55296,
ADCAN4Buf[353], 55296,
ADCAN4Buf[354], 55296,
ADCAN4Buf[355], 55296,
ADCAN4Buf[356], 55296,
ADCAN4Buf[357], 55296,
ADCAN4Buf[358], 55296,
ADCAN4Buf[359], 55296,
ADCAN4Buf[360], 55296,
ADCAN4Buf[361], 55296,
ADCAN4Buf[362], 55296,
ADCAN4Buf[363], 55296,
ADCAN4Buf[364], 55296,
ADCAN4Buf[365], 55296,
ADCAN4Buf[366], 55296,
ADCAN4Buf[367], 55296,
ADCAN4Buf[368], 55296,
ADCAN4Buf[369], 55296,
ADCAN4Buf[370], 55296,
ADCAN4Buf[371], 55296,
ADCAN4Buf[372], 55296,
ADCAN4Buf[373], 55296,
ADCAN4Buf[374], 55296,
ADCAN4Buf[375], 55296,
ADCAN4Buf[376], 55296,
ADCAN4Buf[377], 55296,
ADCAN4Buf[378], 55296,
ADCAN4Buf[379], 55296,
ADCAN4Buf[380], 55296,
ADCAN4Buf[381], 55360,
ADCAN4Buf[382], 55296,
ADCAN4Buf[383], 55360,
ADCAN4Buf[384], 55488,
ADCAN4Buf[385], 55424,
ADCAN4Buf[386], 55680,
ADCAN4Buf[387], 55744,
ADCAN4Buf[388], 56320,
ADCAN4Buf[389], 56320,
ADCAN4Buf[390], 56320,
ADCAN4Buf[391], 56320,
ADCAN4Buf[392], 56320,
ADCAN4Buf[393], 56512,
ADCAN4Buf[394], 56832,
ADCAN4Buf[395], 56704,
ADCAN4Buf[396], 56832,
ADCAN4Buf[397], 57088,
ADCAN4Buf[398], 57088,
ADCAN4Buf[399], 57216,
ADCAN4Buf[400], 57344,
ADCAN4Buf[401], 57344,
ADCAN4Buf[402], 57408,
ADCAN4Buf[403], 57536,
ADCAN4Buf[404], 57728,
ADCAN4Buf[405], 57792,
ADCAN4Buf[406], 57792,
ADCAN4Buf[407], 58048,
ADCAN4Buf[408], 57984,
ADCAN4Buf[409], 58112,
ADCAN4Buf[410], 58304,
ADCAN4Buf[411], 58304,
ADCAN4Buf[412], 58752,
ADCAN4Buf[413], 58560,
ADCAN4Buf[414], 58816,
ADCAN4Buf[415], 58880,
ADCAN4Buf[416], 58880,
ADCAN4Buf[417], 58944,
ADCAN4Buf[418], 59136,
ADCAN4Buf[419], 59264,
ADCAN4Buf[420], 59136,
ADCAN4Buf[421], 59328,
ADCAN4Buf[422], 59328,
ADCAN4Buf[423], 59328,
ADCAN4Buf[424], 59328,
ADCAN4Buf[425], 59328,
ADCAN4Buf[426], 59328,
ADCAN4Buf[427], 59328,
ADCAN4Buf[428], 59328,
ADCAN4Buf[429], 59328,
ADCAN4Buf[430], 59328,
ADCAN4Buf[431], 59328,
ADCAN4Buf[432], 59328,
ADCAN4Buf[433], 59328,
ADCAN4Buf[434], 59264,
ADCAN4Buf[435], 59136,
ADCAN4Buf[436], 59136,
ADCAN4Buf[437], 58880,
ADCAN4Buf[438], 58752,
ADCAN4Buf[439], 58688,
ADCAN4Buf[440], 58304,
ADCAN4Buf[441], 58240,
ADCAN4Buf[442], 57984,
ADCAN4Buf[443], 57792,
ADCAN4Buf[444], 57792,
ADCAN4Buf[445], 57344,
ADCAN4Buf[446], 57152,
ADCAN4Buf[447], 56896,
ADCAN4Buf[448], 56576,
ADCAN4Buf[449], 56384,
ADCAN4Buf[450], 56320,
ADCAN4Buf[451], 56320,
ADCAN4Buf[452], 55744,
ADCAN4Buf[453], 55680,
ADCAN4Buf[454], 55488,
ADCAN4Buf[455], 55296,
ADCAN4Buf[456], 55296,
ADCAN4Buf[457], 55296,
ADCAN4Buf[458], 55296,
ADCAN4Buf[459], 55296,
ADCAN4Buf[460], 55296,
ADCAN4Buf[461], 55296,
ADCAN4Buf[462], 55296,
ADCAN4Buf[463], 55296,
ADCAN4Buf[464], 55296,
ADCAN4Buf[465], 55296,
ADCAN4Buf[466], 55296,
ADCAN4Buf[467], 55296,
ADCAN4Buf[468], 55296,
ADCAN4Buf[469], 55296,
ADCAN4Buf[470], 55296,
ADCAN4Buf[471], 55488,
ADCAN4Buf[472], 55744,
ADCAN4Buf[473], 56320,
ADCAN4Buf[474], 56512,
ADCAN4Buf[475], 56832,
ADCAN4Buf[476], 57216,
ADCAN4Buf[477], 57600,
ADCAN4Buf[478], 58048,
ADCAN4Buf[479], 58304,
ADCAN4Buf[480], 58944,
ADCAN4Buf[481], 59264,
ADCAN4Buf[482], 59328,
ADCAN4Buf[483], 59840,
ADCAN4Buf[484], 60480,
ADCAN4Buf[485], 61440,
ADCAN4Buf[486], 61440,
ADCAN4Buf[487], 61632,
ADCAN4Buf[488], 61888,
ADCAN4Buf[489], 62400,
ADCAN4Buf[490], 63488,
ADCAN4Buf[491], 63488,
ADCAN4Buf[492], 63488,
ADCAN4Buf[493], 63488,
ADCAN4Buf[494], 63936,
ADCAN4Buf[495], 63936,
ADCAN4Buf[496], 64512,
ADCAN4Buf[497], 64512,
ADCAN4Buf[498], 64512,
ADCAN4Buf[499], 64896,
ADCAN4Buf[500], 64704,
ADCAN4Buf[501], 64768,
ADCAN4Buf[502], 64704,
ADCAN4Buf[503], 64896,
ADCAN4Buf[504], 64896,
ADCAN4Buf[505], 64896,
ADCAN4Buf[506], 65024,
ADCAN4Buf[507], 64768,
ADCAN4Buf[508], 64896,
ADCAN4Buf[509], 64896,
ADCAN4Buf[510], 65024,
ADCAN4Buf[511], 64704,
ADCAN4Buf[512], 64704,
ADCAN4Buf[513], 64704,
ADCAN4Buf[514], 64704,
ADCAN4Buf[515], 64704,
ADCAN4Buf[516], 64704,
ADCAN4Buf[517], 64640,
ADCAN4Buf[518], 64896,
ADCAN4Buf[519], 64704,
ADCAN4Buf[520], 64704,
ADCAN4Buf[521], 64512,
ADCAN4Buf[522], 64512,
ADCAN4Buf[523], 64576,
ADCAN4Buf[524], 64704,
ADCAN4Buf[525], 64704,
ADCAN4Buf[526], 64704,
ADCAN4Buf[527], 64896,
ADCAN4Buf[528], 64768,
ADCAN4Buf[529], 64768,
ADCAN4Buf[530], 65024,
ADCAN4Buf[531], 65024,
ADCAN4Buf[532], 65024,
ADCAN4Buf[533], 65024,
ADCAN4Buf[534], 65088,
ADCAN4Buf[535], 65024,
ADCAN4Buf[536], 65024,
ADCAN4Buf[537], 65024,
ADCAN4Buf[538], 65024,
ADCAN4Buf[539], 65280,
ADCAN4Buf[540], 65024,
ADCAN4Buf[541], 65088,
ADCAN4Buf[542], 65088,
ADCAN4Buf[543], 65280,
ADCAN4Buf[544], 65088,
ADCAN4Buf[545], 65088,
ADCAN4Buf[546], 65280,
ADCAN4Buf[547], 65088,
ADCAN4Buf[548], 65280,
ADCAN4Buf[549], 65280,
ADCAN4Buf[550], 65280,
ADCAN4Buf[551], 65280,
ADCAN4Buf[552], 65280,
ADCAN4Buf[553], 65344,
ADCAN4Buf[554], 65408,
ADCAN4Buf[555], 65344,
ADCAN4Buf[556], 65408,
ADCAN4Buf[557], 65472,
ADCAN4Buf[558], 65408,
ADCAN4Buf[559], 65472,
ADCAN4Buf[560], 65472,
ADCAN4Buf[561], 65472,
ADCAN4Buf[562], 65472,
ADCAN4Buf[563], 65472,
ADCAN4Buf[564], 65472,
ADCAN4Buf[565], 65408,
ADCAN4Buf[566], 65472,
ADCAN4Buf[567], 65472,
ADCAN4Buf[568], 65472,
ADCAN4Buf[569], 65472,
ADCAN4Buf[570], 65472,
ADCAN4Buf[571], 65472,
ADCAN4Buf[572], 65472,
ADCAN4Buf[573], 65472,
ADCAN4Buf[574], 65472,
ADCAN4Buf[575], 65472,
ADCAN4Buf[576], 2496,
ADCAN4Buf[577], 3072,
ADCAN4Buf[578], 3264,
ADCAN4Buf[579], 4096,
ADCAN4Buf[580], 4096,
ADCAN4Buf[581], 4288,
ADCAN4Buf[582], 4544,
ADCAN4Buf[583], 4544,
ADCAN4Buf[584], 6144,
ADCAN4Buf[585], 6144,
ADCAN4Buf[586], 6144,
ADCAN4Buf[587], 6144,
ADCAN4Buf[588], 6208,
ADCAN4Buf[589], 6592,
ADCAN4Buf[590], 6592,
ADCAN4Buf[591], 7168,
ADCAN4Buf[592], 7168,
ADCAN4Buf[593], 7168,
ADCAN4Buf[594], 7360,
ADCAN4Buf[595], 7360,
ADCAN4Buf[596], 7552,
ADCAN4Buf[597], 7744,
ADCAN4Buf[598], 7680,
ADCAN4Buf[599], 7680,
ADCAN4Buf[600], 7680,
ADCAN4Buf[601], 7552,
ADCAN4Buf[602], 7680,
ADCAN4Buf[603], 7360,
ADCAN4Buf[604], 7360,
ADCAN4Buf[605], 7424,
ADCAN4Buf[606], 7232,
ADCAN4Buf[607], 7168,
ADCAN4Buf[608], 7168,
ADCAN4Buf[609], 7168,
ADCAN4Buf[610], 7168,
ADCAN4Buf[611], 7168,
ADCAN4Buf[612], 6592,
ADCAN4Buf[613], 6592,
ADCAN4Buf[614], 6592,
ADCAN4Buf[615], 6528,
ADCAN4Buf[616], 6400,
ADCAN4Buf[617], 6528,
ADCAN4Buf[618], 6272,
ADCAN4Buf[619], 6144,
ADCAN4Buf[620], 6336,
ADCAN4Buf[621], 6144,
ADCAN4Buf[622], 6144,
ADCAN4Buf[623], 6144,
ADCAN4Buf[624], 6144,
ADCAN4Buf[625], 6144,
ADCAN4Buf[626], 6144,
ADCAN4Buf[627], 6144,
ADCAN4Buf[628], 6144,
ADCAN4Buf[629], 6144,
ADCAN4Buf[630], 6144,
ADCAN4Buf[631], 6144,
ADCAN4Buf[632], 6208,
ADCAN4Buf[633], 6336,
ADCAN4Buf[634], 6528,
ADCAN4Buf[635], 6528,
ADCAN4Buf[636], 6592,
ADCAN4Buf[637], 6592,
ADCAN4Buf[638], 7168,
ADCAN4Buf[639], 7232,
ADCAN4Buf[640], 7360,
ADCAN4Buf[641], 7552,
ADCAN4Buf[642], 7680,
ADCAN4Buf[643], 7936,
ADCAN4Buf[644], 8064,
ADCAN4Buf[645], 8192,
ADCAN4Buf[646], 8448,
ADCAN4Buf[647], 8640,
ADCAN4Buf[648], 9088,
ADCAN4Buf[649], 9088,
ADCAN4Buf[650], 9152,
ADCAN4Buf[651], 9408,
ADCAN4Buf[652], 9600,
ADCAN4Buf[653], 9728,
ADCAN4Buf[654], 9984,
ADCAN4Buf[655], 9728,
ADCAN4Buf[656], 10112,
ADCAN4Buf[657], 10176,
ADCAN4Buf[658], 10176,
ADCAN4Buf[659], 10176,
ADCAN4Buf[660], 10176,
ADCAN4Buf[661], 10176,
ADCAN4Buf[662], 10176,
ADCAN4Buf[663], 10176,
ADCAN4Buf[664], 10176,
ADCAN4Buf[665], 10176,
ADCAN4Buf[666], 10176,
ADCAN4Buf[667], 10176,
ADCAN4Buf[668], 10176,
ADCAN4Buf[669], 10176,
ADCAN4Buf[670], 10176,
ADCAN4Buf[671], 10176,
ADCAN4Buf[672], 10176,
ADCAN4Buf[673], 10176,
ADCAN4Buf[674], 10176,
ADCAN4Buf[675], 10176,
ADCAN4Buf[676], 10176,
ADCAN4Buf[677], 10112,
ADCAN4Buf[678], 10112,
ADCAN4Buf[679], 10176,
ADCAN4Buf[680], 10112,
ADCAN4Buf[681], 9984,
ADCAN4Buf[682], 9792,
ADCAN4Buf[683], 9792,
ADCAN4Buf[684], 9728,
ADCAN4Buf[685], 9728,
ADCAN4Buf[686], 9472,
ADCAN4Buf[687], 9152,
ADCAN4Buf[688], 9152,
ADCAN4Buf[689], 9152,
ADCAN4Buf[690], 9152,
ADCAN4Buf[691], 8960,
ADCAN4Buf[692], 9088,
ADCAN4Buf[693], 8768,
ADCAN4Buf[694], 8704,
ADCAN4Buf[695], 8768,
ADCAN4Buf[696], 8640,
ADCAN4Buf[697], 8576,
ADCAN4Buf[698], 8448,
ADCAN4Buf[699], 8448,
ADCAN4Buf[700], 8384,
ADCAN4Buf[701], 8192,
ADCAN4Buf[702], 8192,
ADCAN4Buf[703], 8064,
ADCAN4Buf[704], 7936,
ADCAN4Buf[705], 7936,
ADCAN4Buf[706], 7680,
ADCAN4Buf[707], 7552,
ADCAN4Buf[708], 7488,
ADCAN4Buf[709], 7360,
ADCAN4Buf[710], 7168,
ADCAN4Buf[711], 7168,
ADCAN4Buf[712], 7168,
ADCAN4Buf[713], 7168,
ADCAN4Buf[714], 6592,
ADCAN4Buf[715], 6528,
ADCAN4Buf[716], 6336,
ADCAN4Buf[717], 6144,
ADCAN4Buf[718], 6144,
ADCAN4Buf[719], 6144,
ADCAN4Buf[720], 6144,
ADCAN4Buf[721], 6144,
ADCAN4Buf[722], 6144,
ADCAN4Buf[723], 6144,
ADCAN4Buf[724], 6144,
ADCAN4Buf[725], 6144,
ADCAN4Buf[726], 6144,
ADCAN4Buf[727], 6144,
ADCAN4Buf[728], 5056,
ADCAN4Buf[729], 6144,
ADCAN4Buf[730], 5056,
ADCAN4Buf[731], 5056,
ADCAN4Buf[732], 4992,
ADCAN4Buf[733], 4544,
ADCAN4Buf[734], 4544,
ADCAN4Buf[735], 4544,
ADCAN4Buf[736], 4544,
ADCAN4Buf[737], 4544,
ADCAN4Buf[738], 4544,
ADCAN4Buf[739], 4544,
ADCAN4Buf[740], 4544,
ADCAN4Buf[741], 4544,
ADCAN4Buf[742], 5056,
ADCAN4Buf[743], 5056,
ADCAN4Buf[744], 6144,
ADCAN4Buf[745], 6144,
ADCAN4Buf[746], 6144,
ADCAN4Buf[747], 6144,
ADCAN4Buf[748], 6144,
ADCAN4Buf[749], 6144,
ADCAN4Buf[750], 6144,
ADCAN4Buf[751], 6208,
ADCAN4Buf[752], 6592,
ADCAN4Buf[753], 6592,
ADCAN4Buf[754], 7168,
ADCAN4Buf[755], 7168,
ADCAN4Buf[756], 7360,
ADCAN4Buf[757], 7552,
ADCAN4Buf[758], 7744,
ADCAN4Buf[759], 8000,
ADCAN4Buf[760], 8192,
ADCAN4Buf[761], 8320,
ADCAN4Buf[762], 8512,
ADCAN4Buf[763], 8768,
ADCAN4Buf[764], 8896,
ADCAN4Buf[765], 9152,
ADCAN4Buf[766], 9152,
ADCAN4Buf[767], 9152,
ADCAN4Buf[768], 9152,
ADCAN4Buf[769], 9472,
ADCAN4Buf[770], 9664,
ADCAN4Buf[771], 9728,
ADCAN4Buf[772], 9664,
ADCAN4Buf[773], 9600,
ADCAN4Buf[774], 9792,
ADCAN4Buf[775], 9600,
ADCAN4Buf[776], 9408,
ADCAN4Buf[777], 9152,
ADCAN4Buf[778], 9152,
ADCAN4Buf[779], 9152,
ADCAN4Buf[780], 8896,
ADCAN4Buf[781], 8640,
ADCAN4Buf[782], 8576,
ADCAN4Buf[783], 8064,
ADCAN4Buf[784], 7872,
ADCAN4Buf[785], 7680,
ADCAN4Buf[786], 7168,
ADCAN4Buf[787], 7168,
ADCAN4Buf[788], 6592,
ADCAN4Buf[789], 6144,
ADCAN4Buf[790], 6144,
ADCAN4Buf[791], 6144,
ADCAN4Buf[792], 5056,
ADCAN4Buf[793], 4544,
ADCAN4Buf[794], 4288,
ADCAN4Buf[795], 4096,
ADCAN4Buf[796], 4096,
ADCAN4Buf[797], 4096,
ADCAN4Buf[798], 3072,
ADCAN4Buf[799], 2496,
ADCAN4Buf[800], 65472,
ADCAN4Buf[801], 65472,
ADCAN4Buf[802], 65472,
ADCAN4Buf[803], 65472,
ADCAN4Buf[804], 65472,
ADCAN4Buf[805], 65472,
ADCAN4Buf[806], 65472,
ADCAN4Buf[807], 65472,
ADCAN4Buf[808], 65472,
ADCAN4Buf[809], 65472,
ADCAN4Buf[810], 65472,
ADCAN4Buf[811], 65472,
ADCAN4Buf[812], 65472,
ADCAN4Buf[813], 65472,
ADCAN4Buf[814], 65472,
ADCAN4Buf[815], 65472,
ADCAN4Buf[816], 65472,
ADCAN4Buf[817], 65472,
ADCAN4Buf[818], 65472,
ADCAN4Buf[819], 65472,
ADCAN4Buf[820], 65472,
ADCAN4Buf[821], 65472,
ADCAN4Buf[822], 65472,
ADCAN4Buf[823], 65472,
ADCAN4Buf[824], 65472,
ADCAN4Buf[825], 65472,
ADCAN4Buf[826], 65472,
ADCAN4Buf[827], 65472,
ADCAN4Buf[828], 65472,
ADCAN4Buf[829], 65472,
ADCAN4Buf[830], 65472,
ADCAN4Buf[831], 65472,
ADCAN4Buf[832], 65472,
ADCAN4Buf[833], 65472,
ADCAN4Buf[834], 65472,
ADCAN4Buf[835], 65472,
ADCAN4Buf[836], 65472,
ADCAN4Buf[837], 65472,
ADCAN4Buf[838], 65472,
ADCAN4Buf[839], 65472,
ADCAN4Buf[840], 65472,
ADCAN4Buf[841], 65472,
ADCAN4Buf[842], 65472,
ADCAN4Buf[843], 65472,
ADCAN4Buf[844], 65472,
ADCAN4Buf[845], 65472,
ADCAN4Buf[846], 65472,
ADCAN4Buf[847], 65472,
ADCAN4Buf[848], 65472,
ADCAN4Buf[849], 65472,
ADCAN4Buf[850], 65472,
ADCAN4Buf[851], 65472,
ADCAN4Buf[852], 65472,
ADCAN4Buf[853], 65472,
ADCAN4Buf[854], 65472,
ADCAN4Buf[855], 65408,
ADCAN4Buf[856], 65472,
ADCAN4Buf[857], 65344,
ADCAN4Buf[858], 65280,
ADCAN4Buf[859], 65472,
ADCAN4Buf[860], 65280,
ADCAN4Buf[861], 65280,
ADCAN4Buf[862], 65216,
ADCAN4Buf[863], 65024,
ADCAN4Buf[864], 65088,
ADCAN4Buf[865], 65024,
ADCAN4Buf[866], 64896,
ADCAN4Buf[867], 64704,
ADCAN4Buf[868], 64704,
ADCAN4Buf[869], 64512,
ADCAN4Buf[870], 63936,
ADCAN4Buf[871], 63680,
ADCAN4Buf[872], 63616,
ADCAN4Buf[873], 63488,
ADCAN4Buf[874], 63488,
ADCAN4Buf[875], 63488,
ADCAN4Buf[876], 61888,
ADCAN4Buf[877], 61632,
ADCAN4Buf[878], 61440,
ADCAN4Buf[879], 61440,
ADCAN4Buf[880], 60608,
ADCAN4Buf[881], 60416,
ADCAN4Buf[882], 59840,
ADCAN4Buf[883], 59328,
ADCAN4Buf[884], 59264,
ADCAN4Buf[885], 58880,
ADCAN4Buf[886], 58624,
ADCAN4Buf[887], 58560,
ADCAN4Buf[888], 57984,
ADCAN4Buf[889], 57792,
ADCAN4Buf[890], 57600,
ADCAN4Buf[891], 57408,
ADCAN4Buf[892], 57280,
ADCAN4Buf[893], 57088,
ADCAN4Buf[894], 56832,
ADCAN4Buf[895], 56896,
ADCAN4Buf[896], 56832,
ADCAN4Buf[897], 56832,
ADCAN4Buf[898], 56832,
ADCAN4Buf[899], 56832,
ADCAN4Buf[900], 56832,
ADCAN4Buf[901], 56832,
ADCAN4Buf[902], 56896,
ADCAN4Buf[903], 57152,
ADCAN4Buf[904], 57088,
ADCAN4Buf[905], 57216,
ADCAN4Buf[906], 57536,
ADCAN4Buf[907], 57472,
ADCAN4Buf[908], 57600,
ADCAN4Buf[909], 57728,
ADCAN4Buf[910], 57792,
ADCAN4Buf[911], 57920,
ADCAN4Buf[912], 58112,
ADCAN4Buf[913], 58112,
ADCAN4Buf[914], 58304,
ADCAN4Buf[915], 58304,
ADCAN4Buf[916], 58304,
ADCAN4Buf[917], 58624,
ADCAN4Buf[918], 58880,
ADCAN4Buf[919], 58880,
ADCAN4Buf[920], 58880,
ADCAN4Buf[921], 58944,
ADCAN4Buf[922], 59136,
ADCAN4Buf[923], 59136,
ADCAN4Buf[924], 59264,
ADCAN4Buf[925], 59328,
ADCAN4Buf[926], 59328,
ADCAN4Buf[927], 59328,
ADCAN4Buf[928], 59328,
ADCAN4Buf[929], 59328,
ADCAN4Buf[930], 59328,
ADCAN4Buf[931], 59328,
ADCAN4Buf[932], 59328,
ADCAN4Buf[933], 59328,
ADCAN4Buf[934], 59328,
ADCAN4Buf[935], 59328,
ADCAN4Buf[936], 59264,
ADCAN4Buf[937], 59136,
ADCAN4Buf[938], 59136,
ADCAN4Buf[939], 59136,
ADCAN4Buf[940], 58880,
ADCAN4Buf[941], 58880,
ADCAN4Buf[942], 58560,
ADCAN4Buf[943], 58304,
ADCAN4Buf[944], 58304,
ADCAN4Buf[945], 58112,
ADCAN4Buf[946], 58112,
ADCAN4Buf[947], 57728,
ADCAN4Buf[948], 57408,
ADCAN4Buf[949], 57216,
ADCAN4Buf[950], 57152,
ADCAN4Buf[951], 56832,
ADCAN4Buf[952], 56576,
ADCAN4Buf[953], 56384,
ADCAN4Buf[954], 56320,
ADCAN4Buf[955], 55744,
ADCAN4Buf[956], 55744,
ADCAN4Buf[957], 55488,
ADCAN4Buf[958], 55360,
ADCAN4Buf[959], 55296,
ADCAN4Buf[960], 55296,
ADCAN4Buf[961], 55296,
ADCAN4Buf[962], 55296,
ADCAN4Buf[963], 55296,
ADCAN4Buf[964], 55296,
ADCAN4Buf[965], 55296,
ADCAN4Buf[966], 55296,
ADCAN4Buf[967], 55296,
ADCAN4Buf[968], 55296,
ADCAN4Buf[969], 55296,
ADCAN4Buf[970], 55296,
ADCAN4Buf[971], 55296,
ADCAN4Buf[972], 55296,
ADCAN4Buf[973], 55296,
ADCAN4Buf[974], 55296,
ADCAN4Buf[975], 55296,
ADCAN4Buf[976], 55296,
ADCAN4Buf[977], 55296,
ADCAN4Buf[978], 55296,
ADCAN4Buf[979], 55296,
ADCAN4Buf[980], 55296,
ADCAN4Buf[981], 55296,
ADCAN4Buf[982], 55296,
ADCAN4Buf[983], 55296,
ADCAN4Buf[984], 55296,
ADCAN4Buf[985], 55296,
ADCAN4Buf[986], 55296,
ADCAN4Buf[987], 55296,
ADCAN4Buf[988], 55296,
ADCAN4Buf[989], 55360,
ADCAN4Buf[990], 55488,
ADCAN4Buf[991], 55424,
ADCAN4Buf[992], 55552,
ADCAN4Buf[993], 55680,
ADCAN4Buf[994], 55744,
ADCAN4Buf[995], 55744,
ADCAN4Buf[996], 56320,
ADCAN4Buf[997], 56320,
ADCAN4Buf[998], 56320,
ADCAN4Buf[999], 56320,
ADCAN4Buf[1000], 56512,
ADCAN4Buf[1001], 56704,
ADCAN4Buf[1002], 56832,
ADCAN4Buf[1003], 56832,
ADCAN4Buf[1004], 57088,
ADCAN4Buf[1005], 57088,
ADCAN4Buf[1006], 57088,
ADCAN4Buf[1007], 57216,
ADCAN4Buf[1008], 57472,
ADCAN4Buf[1009], 57472,
ADCAN4Buf[1010], 57536,
ADCAN4Buf[1011], 57536,
ADCAN4Buf[1012], 57792,
ADCAN4Buf[1013], 57792,
ADCAN4Buf[1014], 57920,
ADCAN4Buf[1015], 57920,
ADCAN4Buf[1016], 58176,
ADCAN4Buf[1017], 58304,
ADCAN4Buf[1018], 58304,
ADCAN4Buf[1019], 58304,
ADCAN4Buf[1020], 58880,
ADCAN4Buf[1021], 58624,
ADCAN4Buf[1022], 58752,
ADCAN4Buf[1023], 58880,
ADCAN4Buf[1024], 59136,
ADCAN4Buf[1025], 59136,
ADCAN4Buf[1026], 59136,
ADCAN4Buf[1027], 59136,
ADCAN4Buf[1028], 59264,
ADCAN4Buf[1029], 59328,
ADCAN4Buf[1030], 59328,
ADCAN4Buf[1031], 59328,
ADCAN4Buf[1032], 59328,
ADCAN4Buf[1033], 59328,
ADCAN4Buf[1034], 59328,
ADCAN4Buf[1035], 59328,
ADCAN4Buf[1036], 59328,
ADCAN4Buf[1037], 59328,
ADCAN4Buf[1038], 59328,
ADCAN4Buf[1039], 59328,
ADCAN4Buf[1040], 59328,
ADCAN4Buf[1041], 59328,
ADCAN4Buf[1042], 59136,
ADCAN4Buf[1043], 58944,
ADCAN4Buf[1044], 58880,
ADCAN4Buf[1045], 58752,
ADCAN4Buf[1046], 58624,
ADCAN4Buf[1047], 58304,
ADCAN4Buf[1048], 58112,
ADCAN4Buf[1049], 57920,
ADCAN4Buf[1050], 57792,
ADCAN4Buf[1051], 57600,
ADCAN4Buf[1052], 57472,
ADCAN4Buf[1053], 57216,
ADCAN4Buf[1054], 56896,
ADCAN4Buf[1055], 56704,
ADCAN4Buf[1056], 56320,
ADCAN4Buf[1057], 56320,
ADCAN4Buf[1058], 56320,
ADCAN4Buf[1059], 55744,
ADCAN4Buf[1060], 55488,
ADCAN4Buf[1061], 55488,
ADCAN4Buf[1062], 55296,
ADCAN4Buf[1063], 55296,
ADCAN4Buf[1064], 55296,
ADCAN4Buf[1065], 55296,
ADCAN4Buf[1066], 55296,
ADCAN4Buf[1067], 55296,
ADCAN4Buf[1068], 55296,
ADCAN4Buf[1069], 55296,
ADCAN4Buf[1070], 55296,
ADCAN4Buf[1071], 55296,
ADCAN4Buf[1072], 55296,
ADCAN4Buf[1073], 55296,
ADCAN4Buf[1074], 55296,
ADCAN4Buf[1075], 55296,
ADCAN4Buf[1076], 55296,
ADCAN4Buf[1077], 55424,
ADCAN4Buf[1078], 55680,
ADCAN4Buf[1079], 56320,
ADCAN4Buf[1080], 56384,
ADCAN4Buf[1081], 56512,
ADCAN4Buf[1082], 56896,
ADCAN4Buf[1083], 57472,
ADCAN4Buf[1084], 57728,
ADCAN4Buf[1085], 57920,
ADCAN4Buf[1086], 57792,
ADCAN4Buf[1087], 57920,
ADCAN4Buf[1088], 58112,
ADCAN4Buf[1089], 58240,
ADCAN4Buf[1090], 58304,
ADCAN4Buf[1091], 58304,
ADCAN4Buf[1092], 58304,
ADCAN4Buf[1093], 58560,
ADCAN4Buf[1094], 58752,
ADCAN4Buf[1095], 58880,
ADCAN4Buf[1096], 58880,
ADCAN4Buf[1097], 58944,
ADCAN4Buf[1098], 59136,
ADCAN4Buf[1099], 59136,
ADCAN4Buf[1100], 59328,
ADCAN4Buf[1101], 59264,
ADCAN4Buf[1102], 59328,
ADCAN4Buf[1103], 59328,
ADCAN4Buf[1104], 59328,
ADCAN4Buf[1105], 59328,
ADCAN4Buf[1106], 59328,
ADCAN4Buf[1107], 59328,
ADCAN4Buf[1108], 59328,
ADCAN4Buf[1109], 59328,
ADCAN4Buf[1110], 59328,
ADCAN4Buf[1111], 59328,
ADCAN4Buf[1112], 59328,
ADCAN4Buf[1113], 59264,
ADCAN4Buf[1114], 59328,
ADCAN4Buf[1115], 59136,
ADCAN4Buf[1116], 58880,
ADCAN4Buf[1117], 58880,
ADCAN4Buf[1118], 58752,
ADCAN4Buf[1119], 58560,
ADCAN4Buf[1120], 58304,
ADCAN4Buf[1121], 58112,
ADCAN4Buf[1122], 58112,
ADCAN4Buf[1123], 57728,
ADCAN4Buf[1124], 57536,
ADCAN4Buf[1125], 57344,
ADCAN4Buf[1126], 57024,
ADCAN4Buf[1127], 56832,
ADCAN4Buf[1128], 56576,
ADCAN4Buf[1129], 56320,
ADCAN4Buf[1130], 56320,
ADCAN4Buf[1131], 55744,
ADCAN4Buf[1132], 55488,
ADCAN4Buf[1133], 55744,
ADCAN4Buf[1134], 55296,
ADCAN4Buf[1135], 55296,
ADCAN4Buf[1136], 55296,
ADCAN4Buf[1137], 55296,
ADCAN4Buf[1138], 55296,
ADCAN4Buf[1139], 55296,
ADCAN4Buf[1140], 55296,
ADCAN4Buf[1141], 55296,
ADCAN4Buf[1142], 55296,
ADCAN4Buf[1143], 55296,
ADCAN4Buf[1144], 55296,
ADCAN4Buf[1145], 55296,
ADCAN4Buf[1146], 55296,
ADCAN4Buf[1147], 55296,
ADCAN4Buf[1148], 55296,
ADCAN4Buf[1149], 55296,
ADCAN4Buf[1150], 55488,
ADCAN4Buf[1151], 55744,
ADCAN4Buf[1152], 56320,
ADCAN4Buf[1153], 56320,
ADCAN4Buf[1154], 56704,
ADCAN4Buf[1155], 57024,
ADCAN4Buf[1156], 57344,
ADCAN4Buf[1157], 57792,
ADCAN4Buf[1158], 58112,
ADCAN4Buf[1159], 58816,
ADCAN4Buf[1160], 58944,
ADCAN4Buf[1161], 59328,
ADCAN4Buf[1162], 59328,
ADCAN4Buf[1163], 60416,
ADCAN4Buf[1164], 60608,
ADCAN4Buf[1165], 61440,
ADCAN4Buf[1166], 61440,
ADCAN4Buf[1167], 61824,
ADCAN4Buf[1168], 61888,
ADCAN4Buf[1169], 63488,
ADCAN4Buf[1170], 63488,
ADCAN4Buf[1171], 63488,
ADCAN4Buf[1172], 63488,
ADCAN4Buf[1173], 63680,
ADCAN4Buf[1174], 63936,
ADCAN4Buf[1175], 64512,
ADCAN4Buf[1176], 64512,
ADCAN4Buf[1177], 64512,
ADCAN4Buf[1178], 64512,
ADCAN4Buf[1179], 64704,
ADCAN4Buf[1180], 64768,
ADCAN4Buf[1181], 65024,
ADCAN4Buf[1182], 64896,
ADCAN4Buf[1183], 64896,
ADCAN4Buf[1184], 64896,
ADCAN4Buf[1185], 64896,
ADCAN4Buf[1186], 64896,
ADCAN4Buf[1187], 64768,
ADCAN4Buf[1188], 64768,
ADCAN4Buf[1189], 64896,
ADCAN4Buf[1190], 64768,
ADCAN4Buf[1191], 64704,
ADCAN4Buf[1192], 64704,
ADCAN4Buf[1193], 64704,
ADCAN4Buf[1194], 64704,
ADCAN4Buf[1195], 64704,
ADCAN4Buf[1196], 64768,
ADCAN4Buf[1197], 64704,
ADCAN4Buf[1198], 64640,
ADCAN4Buf[1199], 64896,
ADCAN4Buf[1200], 64704,
ADCAN4Buf[1201], 64704,
ADCAN4Buf[1202], 64704,
ADCAN4Buf[1203], 64512,
ADCAN4Buf[1204], 64832,
ADCAN4Buf[1205], 64704,
ADCAN4Buf[1206], 64704,
ADCAN4Buf[1207], 64704,
ADCAN4Buf[1208], 64576,
ADCAN4Buf[1209], 64832,
ADCAN4Buf[1210], 64896,
ADCAN4Buf[1211], 65024,
ADCAN4Buf[1212], 64896,
ADCAN4Buf[1213], 65024,
ADCAN4Buf[1214], 65024,
ADCAN4Buf[1215], 65024,
ADCAN4Buf[1216], 65024,
ADCAN4Buf[1217], 65024,
ADCAN4Buf[1218], 65088,
ADCAN4Buf[1219], 65024,
ADCAN4Buf[1220], 65024,
ADCAN4Buf[1221], 65024,
ADCAN4Buf[1222], 65024,
ADCAN4Buf[1223], 65088,
ADCAN4Buf[1224], 65216,
ADCAN4Buf[1225], 65216,
ADCAN4Buf[1226], 65088,
ADCAN4Buf[1227], 65280,
ADCAN4Buf[1228], 65216,
ADCAN4Buf[1229], 65280,
ADCAN4Buf[1230], 65280,
ADCAN4Buf[1231], 65472,
ADCAN4Buf[1232], 65472,
ADCAN4Buf[1233], 65280,
ADCAN4Buf[1234], 65408,
ADCAN4Buf[1235], 65408,
ADCAN4Buf[1236], 65280,
ADCAN4Buf[1237], 65408,
ADCAN4Buf[1238], 65472,
ADCAN4Buf[1239], 65472,
ADCAN4Buf[1240], 65472,
ADCAN4Buf[1241], 65472,
ADCAN4Buf[1242], 65472,
ADCAN4Buf[1243], 65472,
ADCAN4Buf[1244], 65472,
ADCAN4Buf[1245], 65472,
ADCAN4Buf[1246], 65472,
ADCAN4Buf[1247], 65472,
ADCAN4Buf[1248], 65472,
ADCAN4Buf[1249], 65472,
ADCAN4Buf[1250], 65472,
ADCAN4Buf[1251], 65472,
ADCAN4Buf[1252], 65472,
ADCAN4Buf[1253], 65472,
ADCAN4Buf[1254], 65472,
ADCAN4Buf[1255], 65472,
ADCAN4Buf[1256], 2496,
ADCAN4Buf[1257], 3072,
ADCAN4Buf[1258], 4096,
ADCAN4Buf[1259], 4096,
ADCAN4Buf[1260], 4096,
ADCAN4Buf[1261], 4544,
ADCAN4Buf[1262], 4544,
ADCAN4Buf[1263], 4992,
ADCAN4Buf[1264], 6144,
ADCAN4Buf[1265], 6144,
ADCAN4Buf[1266], 6144,
ADCAN4Buf[1267], 6144,
ADCAN4Buf[1268], 6400,
ADCAN4Buf[1269], 6528,
ADCAN4Buf[1270], 6592,
ADCAN4Buf[1271], 7168,
ADCAN4Buf[1272], 7168,
ADCAN4Buf[1273], 7168,
ADCAN4Buf[1274], 7296,
ADCAN4Buf[1275], 7424,
ADCAN4Buf[1276], 7424,
ADCAN4Buf[1277], 7552,
ADCAN4Buf[1278], 7552,
ADCAN4Buf[1279], 7680,
ADCAN4Buf[1280], 7680,
ADCAN4Buf[1281], 7552,
ADCAN4Buf[1282], 7552,
ADCAN4Buf[1283], 7360,
ADCAN4Buf[1284], 7360,
ADCAN4Buf[1285], 7232,
ADCAN4Buf[1286], 7168,
ADCAN4Buf[1287], 7168,
ADCAN4Buf[1288], 7168,
ADCAN4Buf[1289], 7168,
ADCAN4Buf[1290], 7168,
ADCAN4Buf[1291], 7168,
ADCAN4Buf[1292], 6592,
ADCAN4Buf[1293], 7168,
ADCAN4Buf[1294], 6528,
ADCAN4Buf[1295], 6400,
ADCAN4Buf[1296], 6592,
ADCAN4Buf[1297], 6208,
ADCAN4Buf[1298], 6144,
ADCAN4Buf[1299], 6144,
ADCAN4Buf[1300], 6144,
ADCAN4Buf[1301], 6144,
ADCAN4Buf[1302], 6144,
ADCAN4Buf[1303], 6144,
ADCAN4Buf[1304], 6144,
ADCAN4Buf[1305], 6144,
ADCAN4Buf[1306], 6144,
ADCAN4Buf[1307], 6144,
ADCAN4Buf[1308], 6144,
ADCAN4Buf[1309], 6144,
ADCAN4Buf[1310], 6144,
ADCAN4Buf[1311], 6400,
ADCAN4Buf[1312], 6336,
ADCAN4Buf[1313], 6336,
ADCAN4Buf[1314], 6592,
ADCAN4Buf[1315], 6592,
ADCAN4Buf[1316], 6592,
ADCAN4Buf[1317], 7168,
ADCAN4Buf[1318], 7168,
ADCAN4Buf[1319], 7360,
ADCAN4Buf[1320], 7360,
ADCAN4Buf[1321], 7424,
ADCAN4Buf[1322], 7744,
ADCAN4Buf[1323], 7936,
ADCAN4Buf[1324], 8320,
ADCAN4Buf[1325], 8320,
ADCAN4Buf[1326], 8448,
ADCAN4Buf[1327], 8960,
ADCAN4Buf[1328], 8960,
ADCAN4Buf[1329], 9152,
ADCAN4Buf[1330], 9408,
ADCAN4Buf[1331], 9472,
ADCAN4Buf[1332], 9600,
ADCAN4Buf[1333], 9984,
ADCAN4Buf[1334], 9984,
ADCAN4Buf[1335], 10112,
ADCAN4Buf[1336], 10112,
ADCAN4Buf[1337], 10176,
ADCAN4Buf[1338], 10176,
ADCAN4Buf[1339], 10176,
ADCAN4Buf[1340], 10176,
ADCAN4Buf[1341], 10176,
ADCAN4Buf[1342], 10176,
ADCAN4Buf[1343], 10176,
ADCAN4Buf[1344], 10176,
ADCAN4Buf[1345], 10176,
ADCAN4Buf[1346], 10176,
ADCAN4Buf[1347], 10176,
ADCAN4Buf[1348], 10176,
ADCAN4Buf[1349], 10176,
ADCAN4Buf[1350], 10176,
ADCAN4Buf[1351], 10176,
ADCAN4Buf[1352], 10176,
ADCAN4Buf[1353], 10176,
ADCAN4Buf[1354], 10176,
ADCAN4Buf[1355], 10176,
ADCAN4Buf[1356], 10176,
ADCAN4Buf[1357], 10176,
ADCAN4Buf[1358], 9984,
ADCAN4Buf[1359], 10112,
ADCAN4Buf[1360], 9984,
ADCAN4Buf[1361], 10112,
ADCAN4Buf[1362], 9792,
ADCAN4Buf[1363], 9728,
ADCAN4Buf[1364], 9728,
ADCAN4Buf[1365], 9600,
ADCAN4Buf[1366], 9472,
ADCAN4Buf[1367], 9152,
ADCAN4Buf[1368], 9152,
ADCAN4Buf[1369], 9152,
ADCAN4Buf[1370], 9152,
ADCAN4Buf[1371], 8960,
ADCAN4Buf[1372], 8896,
ADCAN4Buf[1373], 8768,
ADCAN4Buf[1374], 8640,
ADCAN4Buf[1375], 8640,
ADCAN4Buf[1376], 8576,
ADCAN4Buf[1377], 8640,
ADCAN4Buf[1378], 8384,
ADCAN4Buf[1379], 8384,
ADCAN4Buf[1380], 8256,
ADCAN4Buf[1381], 8192,
ADCAN4Buf[1382], 8192,
ADCAN4Buf[1383], 7936,
ADCAN4Buf[1384], 7936,
ADCAN4Buf[1385], 7744,
ADCAN4Buf[1386], 7808,
ADCAN4Buf[1387], 7552,
ADCAN4Buf[1388], 7360,
ADCAN4Buf[1389], 7232,
ADCAN4Buf[1390], 7168,
ADCAN4Buf[1391], 7168,
ADCAN4Buf[1392], 7168,
ADCAN4Buf[1393], 6592,
ADCAN4Buf[1394], 6592,
ADCAN4Buf[1395], 6528,
ADCAN4Buf[1396], 6336,
ADCAN4Buf[1397], 6208,
ADCAN4Buf[1398], 6144,
ADCAN4Buf[1399], 6144,
ADCAN4Buf[1400], 6144,
ADCAN4Buf[1401], 6144,
ADCAN4Buf[1402], 6144,
ADCAN4Buf[1403], 6144,
ADCAN4Buf[1404], 6144,
ADCAN4Buf[1405], 6144,
ADCAN4Buf[1406], 6144,
ADCAN4Buf[1407], 6144,
ADCAN4Buf[1408], 6144,
ADCAN4Buf[1409], 5056,
ADCAN4Buf[1410], 5056,
ADCAN4Buf[1411], 5056,
ADCAN4Buf[1412], 4544,
ADCAN4Buf[1413], 4992,
ADCAN4Buf[1414], 5056,
ADCAN4Buf[1415], 4544,
ADCAN4Buf[1416], 4544,
ADCAN4Buf[1417], 4544,
ADCAN4Buf[1418], 4544,
ADCAN4Buf[1419], 5056,
ADCAN4Buf[1420], 5056,
ADCAN4Buf[1421], 5056,
ADCAN4Buf[1422], 5056,
ADCAN4Buf[1423], 6144,
ADCAN4Buf[1424], 6144,
ADCAN4Buf[1425], 6144,
ADCAN4Buf[1426], 6144,
ADCAN4Buf[1427], 6144,
ADCAN4Buf[1428], 6144,
ADCAN4Buf[1429], 6208,
ADCAN4Buf[1430], 6144,
ADCAN4Buf[1431], 6272,
ADCAN4Buf[1432], 6592,
ADCAN4Buf[1433], 7168,
ADCAN4Buf[1434], 7168,
ADCAN4Buf[1435], 7168,
ADCAN4Buf[1436], 7360,
ADCAN4Buf[1437], 7680,
ADCAN4Buf[1438], 7936,
ADCAN4Buf[1439], 8192,
ADCAN4Buf[1440], 8256,
ADCAN4Buf[1441], 8384,
ADCAN4Buf[1442], 8640,
ADCAN4Buf[1443], 8640,
ADCAN4Buf[1444], 9088,
ADCAN4Buf[1445], 9152,
ADCAN4Buf[1446], 9152,
ADCAN4Buf[1447], 9152,
ADCAN4Buf[1448], 9472,
ADCAN4Buf[1449], 9472,
ADCAN4Buf[1450], 9664,
ADCAN4Buf[1451], 9728,
ADCAN4Buf[1452], 9728,
ADCAN4Buf[1453], 9664,
ADCAN4Buf[1454], 9472,
ADCAN4Buf[1455], 9472,
ADCAN4Buf[1456], 9152,
ADCAN4Buf[1457], 9152,
ADCAN4Buf[1458], 9088,
ADCAN4Buf[1459], 8960,
ADCAN4Buf[1460], 8960,
ADCAN4Buf[1461], 8384,
ADCAN4Buf[1462], 8256,
ADCAN4Buf[1463], 7744,
ADCAN4Buf[1464], 7680,
ADCAN4Buf[1465], 7360,
ADCAN4Buf[1466], 7168,
ADCAN4Buf[1467], 6592,
ADCAN4Buf[1468], 6336,
ADCAN4Buf[1469], 6144,
ADCAN4Buf[1470], 6144,
ADCAN4Buf[1471], 6144,
ADCAN4Buf[1472], 4544,
ADCAN4Buf[1473], 4544,
ADCAN4Buf[1474], 4160,
ADCAN4Buf[1475], 4096,
ADCAN4Buf[1476], 4096,
ADCAN4Buf[1477], 3136,
ADCAN4Buf[1478], 3072,
ADCAN4Buf[1479], 65472,
ADCAN4Buf[1480], 65472,
ADCAN4Buf[1481], 65472,
ADCAN4Buf[1482], 65472,
ADCAN4Buf[1483], 65472,
ADCAN4Buf[1484], 65472,
ADCAN4Buf[1485], 65472,
ADCAN4Buf[1486], 65472,
ADCAN4Buf[1487], 65472,
ADCAN4Buf[1488], 65472,
ADCAN4Buf[1489], 65472,
ADCAN4Buf[1490], 65472,
ADCAN4Buf[1491], 65472,
ADCAN4Buf[1492], 65472,
ADCAN4Buf[1493], 65472,
ADCAN4Buf[1494], 65472,
ADCAN4Buf[1495], 65472,
ADCAN4Buf[1496], 65472,
ADCAN4Buf[1497], 65472,
ADCAN4Buf[1498], 65472,
ADCAN4Buf[1499], 65472,
ADCAN4Buf[1500], 65472,
ADCAN4Buf[1501], 65472,
ADCAN4Buf[1502], 65472,
ADCAN4Buf[1503], 65472,
ADCAN4Buf[1504], 65472,
ADCAN4Buf[1505], 65472,
ADCAN4Buf[1506], 65472,
ADCAN4Buf[1507], 65472,
ADCAN4Buf[1508], 65472,
ADCAN4Buf[1509], 65472,
ADCAN4Buf[1510], 65472,
ADCAN4Buf[1511], 65472,
ADCAN4Buf[1512], 65472,
ADCAN4Buf[1513], 65472,
ADCAN4Buf[1514], 65472,
ADCAN4Buf[1515], 65472,
ADCAN4Buf[1516], 65472,
ADCAN4Buf[1517], 65472,
ADCAN4Buf[1518], 65472,
ADCAN4Buf[1519], 65472,
ADCAN4Buf[1520], 65472,
ADCAN4Buf[1521], 65472,
ADCAN4Buf[1522], 65472,
ADCAN4Buf[1523], 65472,
ADCAN4Buf[1524], 65472,
ADCAN4Buf[1525], 65472,
ADCAN4Buf[1526], 65472,
ADCAN4Buf[1527], 65472,
ADCAN4Buf[1528], 65472,
ADCAN4Buf[1529], 65472,
ADCAN4Buf[1530], 65472,
ADCAN4Buf[1531], 65472,
ADCAN4Buf[1532], 65472,
ADCAN4Buf[1533], 65472,
ADCAN4Buf[1534], 65408,
ADCAN4Buf[1535], 65472,
ADCAN4Buf[1536], 65408,
ADCAN4Buf[1537], 65344,
ADCAN4Buf[1538], 65472,
ADCAN4Buf[1539], 65344,
ADCAN4Buf[1540], 65280,
ADCAN4Buf[1541], 65408,
ADCAN4Buf[1542], 65280,
ADCAN4Buf[1543], 65216,
ADCAN4Buf[1544], 65024,
ADCAN4Buf[1545], 65024,
ADCAN4Buf[1546], 64704,
ADCAN4Buf[1547], 64640,
ADCAN4Buf[1548], 64512,
ADCAN4Buf[1549], 64512,
ADCAN4Buf[1550], 63936,
ADCAN4Buf[1551], 63552,
ADCAN4Buf[1552], 63488,
ADCAN4Buf[1553], 63488,
ADCAN4Buf[1554], 63488,
ADCAN4Buf[1555], 61888,
ADCAN4Buf[1556], 61888,
ADCAN4Buf[1557], 61632,
ADCAN4Buf[1558], 61440,
ADCAN4Buf[1559], 61440,
ADCAN4Buf[1560], 60416,
ADCAN4Buf[1561], 60416,
ADCAN4Buf[1562], 59328,
ADCAN4Buf[1563], 59328,
ADCAN4Buf[1564], 59136,
ADCAN4Buf[1565], 58752,
ADCAN4Buf[1566], 58624,
ADCAN4Buf[1567], 58240,
ADCAN4Buf[1568], 57920,
ADCAN4Buf[1569], 57920,
ADCAN4Buf[1570], 57536,
ADCAN4Buf[1571], 57344,
ADCAN4Buf[1572], 57280,
ADCAN4Buf[1573], 57088,
ADCAN4Buf[1574], 57088,
ADCAN4Buf[1575], 57088,
ADCAN4Buf[1576], 56896,
ADCAN4Buf[1577], 56832,
ADCAN4Buf[1578], 57088,
ADCAN4Buf[1579], 56896,
ADCAN4Buf[1580], 56896,
ADCAN4Buf[1581], 56896,
ADCAN4Buf[1582], 57088,
ADCAN4Buf[1583], 57088,
ADCAN4Buf[1584], 57472,
ADCAN4Buf[1585], 57344,
ADCAN4Buf[1586], 57344,
ADCAN4Buf[1587], 57664,
ADCAN4Buf[1588], 57600,
ADCAN4Buf[1589], 57792,
ADCAN4Buf[1590], 57792,
ADCAN4Buf[1591], 57920,
ADCAN4Buf[1592], 58304,
ADCAN4Buf[1593], 58304,
ADCAN4Buf[1594], 58304,
ADCAN4Buf[1595], 58304,
ADCAN4Buf[1596], 58688,
ADCAN4Buf[1597], 58624,
ADCAN4Buf[1598], 58752,
ADCAN4Buf[1599], 58880,
ADCAN4Buf[1600], 58944,
ADCAN4Buf[1601], 58944,
ADCAN4Buf[1602], 59136,
ADCAN4Buf[1603], 59328,
ADCAN4Buf[1604], 59328,
ADCAN4Buf[1605], 59328,
ADCAN4Buf[1606], 59328,
ADCAN4Buf[1607], 59328,
ADCAN4Buf[1608], 59328,
ADCAN4Buf[1609], 59328,
ADCAN4Buf[1610], 59328,
ADCAN4Buf[1611], 59328,
ADCAN4Buf[1612], 59328,
ADCAN4Buf[1613], 59328,
ADCAN4Buf[1614], 59328,
ADCAN4Buf[1615], 59328,
ADCAN4Buf[1616], 59136,
ADCAN4Buf[1617], 59136,
ADCAN4Buf[1618], 59136,
ADCAN4Buf[1619], 58816,
ADCAN4Buf[1620], 58880,
ADCAN4Buf[1621], 58624,
ADCAN4Buf[1622], 58560,
ADCAN4Buf[1623], 58304,
ADCAN4Buf[1624], 58240,
ADCAN4Buf[1625], 58112,
ADCAN4Buf[1626], 57792,
ADCAN4Buf[1627], 57600,
ADCAN4Buf[1628], 57472,
ADCAN4Buf[1629], 57216,
ADCAN4Buf[1630], 56832,
ADCAN4Buf[1631], 56704,
ADCAN4Buf[1632], 56576,
ADCAN4Buf[1633], 56320,
ADCAN4Buf[1634], 56320,
ADCAN4Buf[1635], 55744,
ADCAN4Buf[1636], 55744,
ADCAN4Buf[1637], 55488,
ADCAN4Buf[1638], 55296,
ADCAN4Buf[1639], 55296,
ADCAN4Buf[1640], 55296,
ADCAN4Buf[1641], 55296,
ADCAN4Buf[1642], 55296,
ADCAN4Buf[1643], 55296,
ADCAN4Buf[1644], 55296,
ADCAN4Buf[1645], 55296,
ADCAN4Buf[1646], 55296,
ADCAN4Buf[1647], 55296,
ADCAN4Buf[1648], 55296,
ADCAN4Buf[1649], 55296,
ADCAN4Buf[1650], 55296,
ADCAN4Buf[1651], 55296,
ADCAN4Buf[1652], 55296,
ADCAN4Buf[1653], 55296,
ADCAN4Buf[1654], 55296,
ADCAN4Buf[1655], 55296,
ADCAN4Buf[1656], 55296,
ADCAN4Buf[1657], 55296,
ADCAN4Buf[1658], 55296,
ADCAN4Buf[1659], 55296,
ADCAN4Buf[1660], 55296,
ADCAN4Buf[1661], 55296,
ADCAN4Buf[1662], 55296,
ADCAN4Buf[1663], 55296,
ADCAN4Buf[1664], 55296,
ADCAN4Buf[1665], 55296,
ADCAN4Buf[1666], 55296,
ADCAN4Buf[1667], 55296,
ADCAN4Buf[1668], 55296,
ADCAN4Buf[1669], 55488,
ADCAN4Buf[1670], 55488,
ADCAN4Buf[1671], 55744,
ADCAN4Buf[1672], 55744,
ADCAN4Buf[1673], 55744,
ADCAN4Buf[1674], 56320,
ADCAN4Buf[1675], 56320,
ADCAN4Buf[1676], 56320,
ADCAN4Buf[1677], 56320,
ADCAN4Buf[1678], 56320,
ADCAN4Buf[1679], 56832,
ADCAN4Buf[1680], 56576,
ADCAN4Buf[1681], 56704,
ADCAN4Buf[1682], 56896,
ADCAN4Buf[1683], 56896,
ADCAN4Buf[1684], 57216,
ADCAN4Buf[1685], 57088,
ADCAN4Buf[1686], 57152,
ADCAN4Buf[1687], 57472,
ADCAN4Buf[1688], 57344,
ADCAN4Buf[1689], 57472,
ADCAN4Buf[1690], 57664,
ADCAN4Buf[1691], 57600,
ADCAN4Buf[1692], 57792,
ADCAN4Buf[1693], 57920,
ADCAN4Buf[1694], 58048,
ADCAN4Buf[1695], 58112,
ADCAN4Buf[1696], 58240,
ADCAN4Buf[1697], 58304,
ADCAN4Buf[1698], 58304,
ADCAN4Buf[1699], 58560,
ADCAN4Buf[1700], 58624,
ADCAN4Buf[1701], 58752,
ADCAN4Buf[1702], 58944,
ADCAN4Buf[1703], 58880,
ADCAN4Buf[1704], 58944,
ADCAN4Buf[1705], 59136,
ADCAN4Buf[1706], 59136,
ADCAN4Buf[1707], 59264,
ADCAN4Buf[1708], 59328,
ADCAN4Buf[1709], 59328,
ADCAN4Buf[1710], 59328,
ADCAN4Buf[1711], 59328,
ADCAN4Buf[1712], 59328,
ADCAN4Buf[1713], 59328,
ADCAN4Buf[1714], 59328,
ADCAN4Buf[1715], 59328,
ADCAN4Buf[1716], 59328,
ADCAN4Buf[1717], 59328,
ADCAN4Buf[1718], 59328,
ADCAN4Buf[1719], 59328,
ADCAN4Buf[1720], 59328,
ADCAN4Buf[1721], 59136,
ADCAN4Buf[1722], 59136,
ADCAN4Buf[1723], 58944,
ADCAN4Buf[1724], 59136,
ADCAN4Buf[1725], 58752,
ADCAN4Buf[1726], 58304,
ADCAN4Buf[1727], 58240,
ADCAN4Buf[1728], 58112,
ADCAN4Buf[1729], 57856,
ADCAN4Buf[1730], 57664,
ADCAN4Buf[1731], 57408,
ADCAN4Buf[1732], 57216,
ADCAN4Buf[1733], 57088,
ADCAN4Buf[1734], 56832,
ADCAN4Buf[1735], 56512,
ADCAN4Buf[1736], 56320,
ADCAN4Buf[1737], 56320,
ADCAN4Buf[1738], 56320,
ADCAN4Buf[1739], 55680,
ADCAN4Buf[1740], 55488,
ADCAN4Buf[1741], 55296,
ADCAN4Buf[1742], 55296,
ADCAN4Buf[1743], 55296,
ADCAN4Buf[1744], 55296,
ADCAN4Buf[1745], 55296,
ADCAN4Buf[1746], 55296,
ADCAN4Buf[1747], 55296,
ADCAN4Buf[1748], 55296,
ADCAN4Buf[1749], 55296,
ADCAN4Buf[1750], 55296,
ADCAN4Buf[1751], 55296,
ADCAN4Buf[1752], 55296,
ADCAN4Buf[1753], 55296,
ADCAN4Buf[1754], 55296,
ADCAN4Buf[1755], 55296,
ADCAN4Buf[1756], 55296,
ADCAN4Buf[1757], 55488,
ADCAN4Buf[1758], 55744,
ADCAN4Buf[1759], 56320,
ADCAN4Buf[1760], 56320,
ADCAN4Buf[1761], 56832,
ADCAN4Buf[1762], 57088,
ADCAN4Buf[1763], 57344,
ADCAN4Buf[1764], 57984,
ADCAN4Buf[1765], 58240,
ADCAN4Buf[1766], 58752,
ADCAN4Buf[1767], 58944,
ADCAN4Buf[1768], 59328,
ADCAN4Buf[1769], 60160,
ADCAN4Buf[1770], 60416,
ADCAN4Buf[1771], 60608,
ADCAN4Buf[1772], 61440,
ADCAN4Buf[1773], 61440,
ADCAN4Buf[1774], 61888,
ADCAN4Buf[1775], 61888,
ADCAN4Buf[1776], 62400,
ADCAN4Buf[1777], 63488,
ADCAN4Buf[1778], 63488,
ADCAN4Buf[1779], 63488,
ADCAN4Buf[1780], 63680,
ADCAN4Buf[1781], 63936,
ADCAN4Buf[1782], 64512,
ADCAN4Buf[1783], 64512,
ADCAN4Buf[1784], 64576,
ADCAN4Buf[1785], 64704,
ADCAN4Buf[1786], 64704,
ADCAN4Buf[1787], 64768,
ADCAN4Buf[1788], 64768,
ADCAN4Buf[1789], 64768,
ADCAN4Buf[1790], 64896,
ADCAN4Buf[1791], 64896,
ADCAN4Buf[1792], 64768,
ADCAN4Buf[1793], 64768,
ADCAN4Buf[1794], 64896,
ADCAN4Buf[1795], 64768,
ADCAN4Buf[1796], 64768,
ADCAN4Buf[1797], 64896,
ADCAN4Buf[1798], 64704,
ADCAN4Buf[1799], 65024,
ADCAN4Buf[1800], 64704,
ADCAN4Buf[1801], 64704,
ADCAN4Buf[1802], 64704,
ADCAN4Buf[1803], 64704,
ADCAN4Buf[1804], 64960,
ADCAN4Buf[1805], 64704,
ADCAN4Buf[1806], 64704,
ADCAN4Buf[1807], 64640,
ADCAN4Buf[1808], 64640,
ADCAN4Buf[1809], 64704,
ADCAN4Buf[1810], 64704,
ADCAN4Buf[1811], 64576,
ADCAN4Buf[1812], 64640,
ADCAN4Buf[1813], 64704,
ADCAN4Buf[1814], 65024,
ADCAN4Buf[1815], 64768,
ADCAN4Buf[1816], 64896,
ADCAN4Buf[1817], 64896,
ADCAN4Buf[1818], 65024,
ADCAN4Buf[1819], 65024,
ADCAN4Buf[1820], 65024,
ADCAN4Buf[1821], 65024,
ADCAN4Buf[1822], 65024,
ADCAN4Buf[1823], 65024,
ADCAN4Buf[1824], 65024,
ADCAN4Buf[1825], 65024,
ADCAN4Buf[1826], 65088,
ADCAN4Buf[1827], 65024,
ADCAN4Buf[1828], 65088,
ADCAN4Buf[1829], 65216,
ADCAN4Buf[1830], 65216,
ADCAN4Buf[1831], 65088,
ADCAN4Buf[1832], 65024,
ADCAN4Buf[1833], 65280,
ADCAN4Buf[1834], 65280,
ADCAN4Buf[1835], 65280,
ADCAN4Buf[1836], 65280,
ADCAN4Buf[1837], 65408,
ADCAN4Buf[1838], 65280,
ADCAN4Buf[1839], 65472,
ADCAN4Buf[1840], 65344,
ADCAN4Buf[1841], 65472,
ADCAN4Buf[1842], 65344,
ADCAN4Buf[1843], 65408,
ADCAN4Buf[1844], 65472,
ADCAN4Buf[1845], 65408,
ADCAN4Buf[1846], 65472,
ADCAN4Buf[1847], 65472,
ADCAN4Buf[1848], 65472,
ADCAN4Buf[1849], 65472,
ADCAN4Buf[1850], 65472,
ADCAN4Buf[1851], 65472,
ADCAN4Buf[1852], 65472,
ADCAN4Buf[1853], 65472,
ADCAN4Buf[1854], 65472,
ADCAN4Buf[1855], 65472,
ADCAN4Buf[1856], 65472,
ADCAN4Buf[1857], 65472,
ADCAN4Buf[1858], 65472,
ADCAN4Buf[1859], 65472,
ADCAN4Buf[1860], 65472,
ADCAN4Buf[1861], 65472,
ADCAN4Buf[1862], 65472,
ADCAN4Buf[1863], 2496,
ADCAN4Buf[1864], 3072,
ADCAN4Buf[1865], 4096,
ADCAN4Buf[1866], 4096,
ADCAN4Buf[1867], 4288,
ADCAN4Buf[1868], 4288,
ADCAN4Buf[1869], 4544,
ADCAN4Buf[1870], 6144,
ADCAN4Buf[1871], 6144,
ADCAN4Buf[1872], 6144,
ADCAN4Buf[1873], 6144,
ADCAN4Buf[1874], 6208,
ADCAN4Buf[1875], 6528,
ADCAN4Buf[1876], 6592,
ADCAN4Buf[1877], 7168,
ADCAN4Buf[1878], 7168,
ADCAN4Buf[1879], 7360,
ADCAN4Buf[1880], 7360,
ADCAN4Buf[1881], 7360,
ADCAN4Buf[1882], 7680,
ADCAN4Buf[1883], 7680,
ADCAN4Buf[1884], 7680,
ADCAN4Buf[1885], 7552,
ADCAN4Buf[1886], 7680,
ADCAN4Buf[1887], 7680,
ADCAN4Buf[1888], 7552,
ADCAN4Buf[1889], 7360,
ADCAN4Buf[1890], 7360,
ADCAN4Buf[1891], 7360,
ADCAN4Buf[1892], 7232,
ADCAN4Buf[1893], 7168,
ADCAN4Buf[1894], 7360,
ADCAN4Buf[1895], 7168,
ADCAN4Buf[1896], 7168,
ADCAN4Buf[1897], 7168,
ADCAN4Buf[1898], 7168,
ADCAN4Buf[1899], 6592,
ADCAN4Buf[1900], 6528,
ADCAN4Buf[1901], 6528,
ADCAN4Buf[1902], 6336,
ADCAN4Buf[1903], 6336,
ADCAN4Buf[1904], 6336,
ADCAN4Buf[1905], 6144,
ADCAN4Buf[1906], 6144,
ADCAN4Buf[1907], 6208,
ADCAN4Buf[1908], 6144,
ADCAN4Buf[1909], 6144,
ADCAN4Buf[1910], 6144,
ADCAN4Buf[1911], 6144,
ADCAN4Buf[1912], 6144,
ADCAN4Buf[1913], 6144,
ADCAN4Buf[1914], 6144,
ADCAN4Buf[1915], 6144,
ADCAN4Buf[1916], 6144,
ADCAN4Buf[1917], 6144,
ADCAN4Buf[1918], 6208,
ADCAN4Buf[1919], 6336,
ADCAN4Buf[1920], 6592,
ADCAN4Buf[1921], 6528,
ADCAN4Buf[1922], 6592,
ADCAN4Buf[1923], 6592,
ADCAN4Buf[1924], 7168,
ADCAN4Buf[1925], 7232,
ADCAN4Buf[1926], 7168,
ADCAN4Buf[1927], 7360,
ADCAN4Buf[1928], 7552,
ADCAN4Buf[1929], 7744,
ADCAN4Buf[1930], 7936,
ADCAN4Buf[1931], 8192,
ADCAN4Buf[1932], 8256,
ADCAN4Buf[1933], 8576,
ADCAN4Buf[1934], 8704,
ADCAN4Buf[1935], 9152,
ADCAN4Buf[1936], 9152,
ADCAN4Buf[1937], 9408,
ADCAN4Buf[1938], 9472,
ADCAN4Buf[1939], 9728,
ADCAN4Buf[1940], 9792,
ADCAN4Buf[1941], 9984,
ADCAN4Buf[1942], 10112,
ADCAN4Buf[1943], 10176,
ADCAN4Buf[1944], 10176,
ADCAN4Buf[1945], 10176,
ADCAN4Buf[1946], 10176,
ADCAN4Buf[1947], 10176,
ADCAN4Buf[1948], 10176,
ADCAN4Buf[1949], 10176,
ADCAN4Buf[1950], 10176,
ADCAN4Buf[1951], 9984,
ADCAN4Buf[1952], 10176,
ADCAN4Buf[1953], 10176,
ADCAN4Buf[1954], 10176,
ADCAN4Buf[1955], 10176,
ADCAN4Buf[1956], 10176,
ADCAN4Buf[1957], 10176,
ADCAN4Buf[1958], 10176,
ADCAN4Buf[1959], 10176,
ADCAN4Buf[1960], 10176,
ADCAN4Buf[1961], 10176,
ADCAN4Buf[1962], 10176,
ADCAN4Buf[1963], 10112,
ADCAN4Buf[1964], 10112,
ADCAN4Buf[1965], 10176,
ADCAN4Buf[1966], 10176,
ADCAN4Buf[1967], 10112,
ADCAN4Buf[1968], 9984,
ADCAN4Buf[1969], 9984,
ADCAN4Buf[1970], 9792,
ADCAN4Buf[1971], 9728,
ADCAN4Buf[1972], 9600,
ADCAN4Buf[1973], 9536,
ADCAN4Buf[1974], 9472,
ADCAN4Buf[1975], 9472,
ADCAN4Buf[1976], 9152,
ADCAN4Buf[1977], 9088,
ADCAN4Buf[1978], 8960,
ADCAN4Buf[1979], 9088,
ADCAN4Buf[1980], 8768,
ADCAN4Buf[1981], 8640,
ADCAN4Buf[1982], 8448,
ADCAN4Buf[1983], 8640,
ADCAN4Buf[1984], 8576,
ADCAN4Buf[1985], 8448,
ADCAN4Buf[1986], 8384,
ADCAN4Buf[1987], 8384,
ADCAN4Buf[1988], 8192,
ADCAN4Buf[1989], 8192,
ADCAN4Buf[1990], 7936,
ADCAN4Buf[1991], 7936,
ADCAN4Buf[1992], 7808,
ADCAN4Buf[1993], 7680,
ADCAN4Buf[1994], 7552,
ADCAN4Buf[1995], 7360,
ADCAN4Buf[1996], 7232,
ADCAN4Buf[1997], 7168,
ADCAN4Buf[1998], 7168,
ADCAN4Buf[1999], 7168,
ADCAN4Buf[2000], 6592,
ADCAN4Buf[2001], 6592,
ADCAN4Buf[2002], 6528,
ADCAN4Buf[2003], 6336,
ADCAN4Buf[2004], 6336,
ADCAN4Buf[2005], 6144,
ADCAN4Buf[2006], 6144,
ADCAN4Buf[2007], 6144,
ADCAN4Buf[2008], 6144,
ADCAN4Buf[2009], 6144,
ADCAN4Buf[2010], 6144,
ADCAN4Buf[2011], 6144,
ADCAN4Buf[2012], 6144,
ADCAN4Buf[2013], 6144,
ADCAN4Buf[2014], 6144,
ADCAN4Buf[2015], 5056,
ADCAN4Buf[2016], 5056,
ADCAN4Buf[2017], 5056,
ADCAN4Buf[2018], 4544,
ADCAN4Buf[2019], 4544,
ADCAN4Buf[2020], 4992,
ADCAN4Buf[2021], 4544,
ADCAN4Buf[2022], 4544,
ADCAN4Buf[2023], 4544,
ADCAN4Buf[2024], 4544,
ADCAN4Buf[2025], 4544,
ADCAN4Buf[2026], 4544,
ADCAN4Buf[2027], 4992,
ADCAN4Buf[2028], 5056,
ADCAN4Buf[2029], 5056,
ADCAN4Buf[2030], 6144,
ADCAN4Buf[2031], 6144,
ADCAN4Buf[2032], 6144,
ADCAN4Buf[2033], 6144,
ADCAN4Buf[2034], 6144,
ADCAN4Buf[2035], 6144,
ADCAN4Buf[2036], 6144,
ADCAN4Buf[2037], 6144,
ADCAN4Buf[2038], 6336,
ADCAN4Buf[2039], 6592,
ADCAN4Buf[2040], 7168,
ADCAN4Buf[2041], 7168,
ADCAN4Buf[2042], 7168,
ADCAN4Buf[2043], 7680,
ADCAN4Buf[2044], 7936,
ADCAN4Buf[2045], 7936,
ADCAN4Buf[2046], 8192,
ADCAN4Buf[2047], 8320,
ADCAN4Buf[2048], 8576,
ADCAN4Buf[2049], 8640,
ADCAN4Buf[2050], 8896,
ADCAN4Buf[2051], 9088,
ADCAN4Buf[2052], 9152,
ADCAN4Buf[2053], 9408,
ADCAN4Buf[2054], 9408,
ADCAN4Buf[2055], 9472,
ADCAN4Buf[2056], 9728,
ADCAN4Buf[2057], 9600,
ADCAN4Buf[2058], 9664,
ADCAN4Buf[2059], 9728,
ADCAN4Buf[2060], 9600,
ADCAN4Buf[2061], 9600,
ADCAN4Buf[2062], 9600,
ADCAN4Buf[2063], 9408,
ADCAN4Buf[2064], 9152,
ADCAN4Buf[2065], 9152,
ADCAN4Buf[2066], 8896,
ADCAN4Buf[2067], 8640,
ADCAN4Buf[2068], 8576,
ADCAN4Buf[2069], 8192,
ADCAN4Buf[2070], 7936,
ADCAN4Buf[2071], 7680,
ADCAN4Buf[2072], 7168,
ADCAN4Buf[2073], 7168,
ADCAN4Buf[2074], 6592,
ADCAN4Buf[2075], 6336,
ADCAN4Buf[2076], 6144,
ADCAN4Buf[2077], 6144,
ADCAN4Buf[2078], 5056,
ADCAN4Buf[2079], 4544,
ADCAN4Buf[2080], 4544,
ADCAN4Buf[2081], 4288,
ADCAN4Buf[2082], 4096,
ADCAN4Buf[2083], 4096,
ADCAN4Buf[2084], 4096,
ADCAN4Buf[2085], 2816,
ADCAN4Buf[2086], 65472,
ADCAN4Buf[2087], 65472,
ADCAN4Buf[2088], 65472,
ADCAN4Buf[2089], 65472,
ADCAN4Buf[2090], 65472,
ADCAN4Buf[2091], 65472,
ADCAN4Buf[2092], 65472,
ADCAN4Buf[2093], 65472,
ADCAN4Buf[2094], 65472,
ADCAN4Buf[2095], 65472,
ADCAN4Buf[2096], 65472,
ADCAN4Buf[2097], 65472,
ADCAN4Buf[2098], 65472,
ADCAN4Buf[2099], 65472,
ADCAN4Buf[2100], 65472,
ADCAN4Buf[2101], 65472,
ADCAN4Buf[2102], 65472,
ADCAN4Buf[2103], 65472,
ADCAN4Buf[2104], 65472,
ADCAN4Buf[2105], 65472,
ADCAN4Buf[2106], 65472,
ADCAN4Buf[2107], 65472,
ADCAN4Buf[2108], 65472,
ADCAN4Buf[2109], 65472,
ADCAN4Buf[2110], 65472,
ADCAN4Buf[2111], 65472,
ADCAN4Buf[2112], 65472,
ADCAN4Buf[2113], 65472,
ADCAN4Buf[2114], 65472,
ADCAN4Buf[2115], 65472,
ADCAN4Buf[2116], 65472,
ADCAN4Buf[2117], 65472,
ADCAN4Buf[2118], 65472,
ADCAN4Buf[2119], 65472,
ADCAN4Buf[2120], 65472,
ADCAN4Buf[2121], 65472,
ADCAN4Buf[2122], 65472,
ADCAN4Buf[2123], 65472,
ADCAN4Buf[2124], 65472,
ADCAN4Buf[2125], 65472,
ADCAN4Buf[2126], 65472,
ADCAN4Buf[2127], 65472,
ADCAN4Buf[2128], 65472,
ADCAN4Buf[2129], 65472,
ADCAN4Buf[2130], 65472,
ADCAN4Buf[2131], 65472,
ADCAN4Buf[2132], 65472,
ADCAN4Buf[2133], 65472,
ADCAN4Buf[2134], 65472,
ADCAN4Buf[2135], 65472,
ADCAN4Buf[2136], 65472,
ADCAN4Buf[2137], 65472,
ADCAN4Buf[2138], 65472,
ADCAN4Buf[2139], 65472,
ADCAN4Buf[2140], 65472,
ADCAN4Buf[2141], 65408,
ADCAN4Buf[2142], 65408,
ADCAN4Buf[2143], 65280,
ADCAN4Buf[2144], 65280,
ADCAN4Buf[2145], 65280,
ADCAN4Buf[2146], 65472,
ADCAN4Buf[2147], 65280,
ADCAN4Buf[2148], 65280,
ADCAN4Buf[2149], 65216,
ADCAN4Buf[2150], 65088,
ADCAN4Buf[2151], 65088,
ADCAN4Buf[2152], 65024,
ADCAN4Buf[2153], 64768,
ADCAN4Buf[2154], 64576,
ADCAN4Buf[2155], 64512,
ADCAN4Buf[2156], 63936,
ADCAN4Buf[2157], 63872,
ADCAN4Buf[2158], 63552,
ADCAN4Buf[2159], 63488,
ADCAN4Buf[2160], 63488,
ADCAN4Buf[2161], 63488,
ADCAN4Buf[2162], 61888,
ADCAN4Buf[2163], 61824,
ADCAN4Buf[2164], 61440,
ADCAN4Buf[2165], 61440,
ADCAN4Buf[2166], 60608,
ADCAN4Buf[2167], 60416,
ADCAN4Buf[2168], 59840,
ADCAN4Buf[2169], 59328,
ADCAN4Buf[2170], 59328,
ADCAN4Buf[2171], 59136,
ADCAN4Buf[2172], 58624,
ADCAN4Buf[2173], 58304,
ADCAN4Buf[2174], 58304,
ADCAN4Buf[2175], 57792,
ADCAN4Buf[2176], 57728,
ADCAN4Buf[2177], 57728,
ADCAN4Buf[2178], 57344,
ADCAN4Buf[2179], 57216,
ADCAN4Buf[2180], 57088,
ADCAN4Buf[2181], 56896,
ADCAN4Buf[2182], 56832,
ADCAN4Buf[2183], 56832,
ADCAN4Buf[2184], 56832,
ADCAN4Buf[2185], 56832,
ADCAN4Buf[2186], 56832,
ADCAN4Buf[2187], 56832,
ADCAN4Buf[2188], 56832,
ADCAN4Buf[2189], 57088,
ADCAN4Buf[2190], 57088,
ADCAN4Buf[2191], 57216,
ADCAN4Buf[2192], 57216,
ADCAN4Buf[2193], 57472,
ADCAN4Buf[2194], 57536,
ADCAN4Buf[2195], 57664,
ADCAN4Buf[2196], 57792,
ADCAN4Buf[2197], 57792,
ADCAN4Buf[2198], 58112,
ADCAN4Buf[2199], 58304,
ADCAN4Buf[2200], 58304,
ADCAN4Buf[2201], 58304,
ADCAN4Buf[2202], 58304,
ADCAN4Buf[2203], 58624,
ADCAN4Buf[2204], 58752,
ADCAN4Buf[2205], 58752,
ADCAN4Buf[2206], 58880,
ADCAN4Buf[2207], 58880,
ADCAN4Buf[2208], 59136,
ADCAN4Buf[2209], 59136,
ADCAN4Buf[2210], 59264,
ADCAN4Buf[2211], 59264,
ADCAN4Buf[2212], 59328,
ADCAN4Buf[2213], 59328,
ADCAN4Buf[2214], 59328,
ADCAN4Buf[2215], 59328,
ADCAN4Buf[2216], 59328,
ADCAN4Buf[2217], 59328,
ADCAN4Buf[2218], 59328,
ADCAN4Buf[2219], 59328,
ADCAN4Buf[2220], 59328,
ADCAN4Buf[2221], 59328,
ADCAN4Buf[2222], 59328,
ADCAN4Buf[2223], 59264,
ADCAN4Buf[2224], 59264,
ADCAN4Buf[2225], 58944,
ADCAN4Buf[2226], 58880,
ADCAN4Buf[2227], 58880,
ADCAN4Buf[2228], 58624,
ADCAN4Buf[2229], 58304,
ADCAN4Buf[2230], 58304,
ADCAN4Buf[2231], 58112,
ADCAN4Buf[2232], 57984,
ADCAN4Buf[2233], 57728,
ADCAN4Buf[2234], 57792,
ADCAN4Buf[2235], 57344,
ADCAN4Buf[2236], 57088,
ADCAN4Buf[2237], 56832,
ADCAN4Buf[2238], 56704,
ADCAN4Buf[2239], 56384,
ADCAN4Buf[2240], 56320,
ADCAN4Buf[2241], 56320,
ADCAN4Buf[2242], 55744,
ADCAN4Buf[2243], 55552,
ADCAN4Buf[2244], 55488,
ADCAN4Buf[2245], 55360,
ADCAN4Buf[2246], 55296,
ADCAN4Buf[2247], 55296,
ADCAN4Buf[2248], 55296,
ADCAN4Buf[2249], 55296,
ADCAN4Buf[2250], 55296,
ADCAN4Buf[2251], 55296,
ADCAN4Buf[2252], 55296,
ADCAN4Buf[2253], 55296,
ADCAN4Buf[2254], 55296,
ADCAN4Buf[2255], 55296,
ADCAN4Buf[2256], 55296,
ADCAN4Buf[2257], 55296,
ADCAN4Buf[2258], 55296,
ADCAN4Buf[2259], 55296,
ADCAN4Buf[2260], 55296,
ADCAN4Buf[2261], 55296,
ADCAN4Buf[2262], 55296,
ADCAN4Buf[2263], 55296,
ADCAN4Buf[2264], 55296,
ADCAN4Buf[2265], 55296,
ADCAN4Buf[2266], 55296,
ADCAN4Buf[2267], 55296,
ADCAN4Buf[2268], 55296,
ADCAN4Buf[2269], 55296,
ADCAN4Buf[2270], 55296,
ADCAN4Buf[2271], 55296,
ADCAN4Buf[2272], 55296,
ADCAN4Buf[2273], 55296,
ADCAN4Buf[2274], 55296,
ADCAN4Buf[2275], 55296,
ADCAN4Buf[2276], 55296,
ADCAN4Buf[2277], 55424,
ADCAN4Buf[2278], 55488,
ADCAN4Buf[2279], 55744,
ADCAN4Buf[2280], 55744,
ADCAN4Buf[2281], 55744,
ADCAN4Buf[2282], 55744,
ADCAN4Buf[2283], 56320,
ADCAN4Buf[2284], 56320,
ADCAN4Buf[2285], 56384,
ADCAN4Buf[2286], 56512,
ADCAN4Buf[2287], 56576,
ADCAN4Buf[2288], 56896,
ADCAN4Buf[2289], 56960,
ADCAN4Buf[2290], 56896,
ADCAN4Buf[2291], 57088,
ADCAN4Buf[2292], 57344,
ADCAN4Buf[2293], 57216,
ADCAN4Buf[2294], 57344,
ADCAN4Buf[2295], 57600,
ADCAN4Buf[2296], 57472,
ADCAN4Buf[2297], 57600,
ADCAN4Buf[2298], 57792,
ADCAN4Buf[2299], 57792,
ADCAN4Buf[2300], 58048,
ADCAN4Buf[2301], 58048,
ADCAN4Buf[2302], 58112,
ADCAN4Buf[2303], 58304,
ADCAN4Buf[2304], 58304,
ADCAN4Buf[2305], 58304,
ADCAN4Buf[2306], 58560,
ADCAN4Buf[2307], 58880,
ADCAN4Buf[2308], 58880,
ADCAN4Buf[2309], 58880,
ADCAN4Buf[2310], 59136,
ADCAN4Buf[2311], 59136,
ADCAN4Buf[2312], 59136,
ADCAN4Buf[2313], 59136,
ADCAN4Buf[2314], 59264,
ADCAN4Buf[2315], 59328,
ADCAN4Buf[2316], 59328,
ADCAN4Buf[2317], 59328,
ADCAN4Buf[2318], 59328,
ADCAN4Buf[2319], 59328,
ADCAN4Buf[2320], 59328,
ADCAN4Buf[2321], 59328,
ADCAN4Buf[2322], 59328,
ADCAN4Buf[2323], 59328,
ADCAN4Buf[2324], 59328,
ADCAN4Buf[2325], 59328,
ADCAN4Buf[2326], 59136,
ADCAN4Buf[2327], 59328,
ADCAN4Buf[2328], 59136,
ADCAN4Buf[2329], 59328,
ADCAN4Buf[2330], 58880,
ADCAN4Buf[2331], 58880,
ADCAN4Buf[2332], 58752,
ADCAN4Buf[2333], 58304,
ADCAN4Buf[2334], 58304,
ADCAN4Buf[2335], 58304,
ADCAN4Buf[2336], 57920,
ADCAN4Buf[2337], 57664,
ADCAN4Buf[2338], 57600,
ADCAN4Buf[2339], 57216,
ADCAN4Buf[2340], 56896,
ADCAN4Buf[2341], 56832,
ADCAN4Buf[2342], 56704,
ADCAN4Buf[2343], 56320,
ADCAN4Buf[2344], 56320,
ADCAN4Buf[2345], 56320,
ADCAN4Buf[2346], 55680,
ADCAN4Buf[2347], 55296,
ADCAN4Buf[2348], 55296,
ADCAN4Buf[2349], 55296,
ADCAN4Buf[2350], 55296,
ADCAN4Buf[2351], 55296,
ADCAN4Buf[2352], 55296,
ADCAN4Buf[2353], 55296,
ADCAN4Buf[2354], 55296,
ADCAN4Buf[2355], 55296,
ADCAN4Buf[2356], 55296,
ADCAN4Buf[2357], 55296,
ADCAN4Buf[2358], 55296,
ADCAN4Buf[2359], 55296,
ADCAN4Buf[2360], 55296,
ADCAN4Buf[2361], 55296,
ADCAN4Buf[2362], 55296,
ADCAN4Buf[2363], 55296,
ADCAN4Buf[2364], 55680,
ADCAN4Buf[2365], 55744,
ADCAN4Buf[2366], 56320,
ADCAN4Buf[2367], 56384,
ADCAN4Buf[2368], 56832,
ADCAN4Buf[2369], 57408,
ADCAN4Buf[2370], 57408,
ADCAN4Buf[2371], 57792,
ADCAN4Buf[2372], 58240,
ADCAN4Buf[2373], 58560,
ADCAN4Buf[2374], 59136,
ADCAN4Buf[2375], 59328,
ADCAN4Buf[2376], 59328,
ADCAN4Buf[2377], 60416,
ADCAN4Buf[2378], 61440,
ADCAN4Buf[2379], 61440,
ADCAN4Buf[2380], 61440,
ADCAN4Buf[2381], 61888,
ADCAN4Buf[2382], 62336,
ADCAN4Buf[2383], 63488,
ADCAN4Buf[2384], 63488,
ADCAN4Buf[2385], 63488,
ADCAN4Buf[2386], 63488,
ADCAN4Buf[2387], 63744,
ADCAN4Buf[2388], 64512,
ADCAN4Buf[2389], 64512,
ADCAN4Buf[2390], 64512,
ADCAN4Buf[2391], 64704,
ADCAN4Buf[2392], 64704,
ADCAN4Buf[2393], 64768,
ADCAN4Buf[2394], 64768,
ADCAN4Buf[2395], 64896,
ADCAN4Buf[2396], 64768,
ADCAN4Buf[2397], 64896,
ADCAN4Buf[2398], 64896,
ADCAN4Buf[2399], 64896,
ADCAN4Buf[2400], 64832,
ADCAN4Buf[2401], 64768,
ADCAN4Buf[2402], 64768,
ADCAN4Buf[2403], 64768,
ADCAN4Buf[2404], 64768,
ADCAN4Buf[2405], 64768,
ADCAN4Buf[2406], 64704,
ADCAN4Buf[2407], 64512,
ADCAN4Buf[2408], 64896,
ADCAN4Buf[2409], 64704,
ADCAN4Buf[2410], 64704,
ADCAN4Buf[2411], 64576,
ADCAN4Buf[2412], 64512,
ADCAN4Buf[2413], 64704,
ADCAN4Buf[2414], 64640,
ADCAN4Buf[2415], 64704,
ADCAN4Buf[2416], 64512,
ADCAN4Buf[2417], 64576,
ADCAN4Buf[2418], 64704,
ADCAN4Buf[2419], 64960,
ADCAN4Buf[2420], 64768,
ADCAN4Buf[2421], 64704,
ADCAN4Buf[2422], 64768,
ADCAN4Buf[2423], 64896,
ADCAN4Buf[2424], 64896,
ADCAN4Buf[2425], 64896,
ADCAN4Buf[2426], 65024,
ADCAN4Buf[2427], 65024,
ADCAN4Buf[2428], 65024,
ADCAN4Buf[2429], 65024,
ADCAN4Buf[2430], 65024,
ADCAN4Buf[2431], 65088,
ADCAN4Buf[2432], 65024,
ADCAN4Buf[2433], 65088,
ADCAN4Buf[2434], 65024,
ADCAN4Buf[2435], 65088,
ADCAN4Buf[2436], 65088,
ADCAN4Buf[2437], 65088,
ADCAN4Buf[2438], 65216,
ADCAN4Buf[2439], 65088,
ADCAN4Buf[2440], 65280,
ADCAN4Buf[2441], 65344,
ADCAN4Buf[2442], 65280,
ADCAN4Buf[2443], 65280,
ADCAN4Buf[2444], 65280,
ADCAN4Buf[2445], 65472,
ADCAN4Buf[2446], 65344,
ADCAN4Buf[2447], 65280,
ADCAN4Buf[2448], 65344,
ADCAN4Buf[2449], 65408,
ADCAN4Buf[2450], 65408,
ADCAN4Buf[2451], 65472,
ADCAN4Buf[2452], 65472,
ADCAN4Buf[2453], 65472,
ADCAN4Buf[2454], 65472,
ADCAN4Buf[2455], 65472,
ADCAN4Buf[2456], 65472,
ADCAN4Buf[2457], 65472,
ADCAN4Buf[2458], 65472,
ADCAN4Buf[2459], 65472,
ADCAN4Buf[2460], 65472,
ADCAN4Buf[2461], 65472,
ADCAN4Buf[2462], 65472,
ADCAN4Buf[2463], 65472,
ADCAN4Buf[2464], 65472,
ADCAN4Buf[2465], 65472,
ADCAN4Buf[2466], 65472,
ADCAN4Buf[2467], 65472,
ADCAN4Buf[2468], 65472,
ADCAN4Buf[2469], 65472,
ADCAN4Buf[2470], 2816,
ADCAN4Buf[2471], 3072,
ADCAN4Buf[2472], 4096,
ADCAN4Buf[2473], 4096,
ADCAN4Buf[2474], 4096,
ADCAN4Buf[2475], 4544,
ADCAN4Buf[2476], 4544,
ADCAN4Buf[2477], 5056,
ADCAN4Buf[2478], 6144,
ADCAN4Buf[2479], 6144,
ADCAN4Buf[2480], 6144,
ADCAN4Buf[2481], 6144,
ADCAN4Buf[2482], 6336,
ADCAN4Buf[2483], 6592,
ADCAN4Buf[2484], 7168,
ADCAN4Buf[2485], 7168,
ADCAN4Buf[2486], 7168,
ADCAN4Buf[2487], 7168,
ADCAN4Buf[2488], 7296,
ADCAN4Buf[2489], 7424,
ADCAN4Buf[2490], 7680,
ADCAN4Buf[2491], 7552,
ADCAN4Buf[2492], 7552,
ADCAN4Buf[2493], 7232,
ADCAN4Buf[2494], 7552,
ADCAN4Buf[2495], 7552,
ADCAN4Buf[2496], 7424,
ADCAN4Buf[2497], 7616,
ADCAN4Buf[2498], 7232,
ADCAN4Buf[2499], 7232,
