qOut[0], 0,
qOut[1], 55189,
qOut[2], 55059,
qOut[3], 54927,
qOut[4], 62855,
qOut[5], 61685,
qOut[6], 8022,
qOut[7], 2029,
qOut[8], 54792,
qOut[9], 64492,
qOut[10], 9605,
qOut[11], 1237,
qOut[12], 54809,
qOut[13], 56831,
qOut[14], 1057,
qOut[15], 708,
qOut[16], 54538,
qOut[17], 62654,
qOut[18], 61557,
qOut[19], 8856,
qOut[20], 2434,
qOut[21], 2057,
qOut[22], 57040,
qOut[23], 65434,
qOut[24], 54291,
qOut[25], 62961,
qOut[26], 54223,
qOut[27], 63921,
qOut[28], 63046,
qOut[29], 53994,
qOut[30], 60242,
qOut[31], 6709,
qOut[32], 53965,
qOut[33], 63029,
qOut[34], 53906,
qOut[35], 63851,
qOut[36], 62803,
qOut[37], 53744,
qOut[38], 62519,
qOut[39], 61211,
qOut[40], 8395,
qOut[41], 1680,
qOut[42], 56818,
qOut[43], 64871,
qOut[44], 1802,
qOut[45], 56894,
qOut[46], 65151,
qOut[47], 53590,
qOut[48], 12,
qOut[49], 65323,
qOut[50], 53432,
qOut[51], 61419,
qOut[52], 8114,
qOut[53], 64548,
qOut[54], 1423,
qOut[55], 53440,
qOut[56], 63138,
qOut[57], 53378,
qOut[58], 61083,
qOut[59], 4840,
qOut[60], 59387,
qOut[61], 60000,
qOut[62], 4146,
qOut[63], 62702,
qOut[64], 6891,
qOut[65], 62533,
qOut[66], 63586,
qOut[67], 53355,
qOut[68], 6196,
qOut[69], 65261,
qOut[70], 53405,
qOut[71], 7286,
qOut[72], 62092,
qOut[73], 6041,
qOut[74], 61492,
qOut[75], 62327,
qOut[76], 6620,
qOut[77], 65451,
qOut[78], 63487,
qOut[79], 8077,
qOut[80], 63274,
qOut[81], 53415,
qOut[82], 61614,
qOut[83], 5203,
qOut[84], 6755,
qOut[85], 64188,
qOut[86], 53369,
qOut[87], 6589,
qOut[88], 61404,
qOut[89], 62418,
qOut[90], 7878,
qOut[91], 1474,
qOut[92], 53381,
qOut[93], 53249,
qOut[94], 59170,
qOut[95], 60809,
qOut[96], 5366,
qOut[97], 53327,
qOut[98], 63967,
qOut[99], 53295,
qOut[100], 53167,
qOut[101], 5435,
qOut[102], 63653,
qOut[103], 53183,
qOut[104], 7559,
qOut[105], 63098,
qOut[106], 53147,
qOut[107], 53016,
qOut[108], 59167,
qOut[109], 6961,
qOut[110], 64168,
qOut[111], 53086,
qOut[112], 52957,
qOut[113], 61216,
qOut[114], 5368,
qOut[115], 7536,
qOut[116], 350,
qOut[117], 3268,
qOut[118], 57121,
qOut[119], 8347,
qOut[120], 2840,
qOut[121], 58109,
qOut[122], 8342,
qOut[123], 3108,
qOut[124], 57165,
qOut[125], 1979,
qOut[126], 8371,
qOut[127], 57003,
qOut[128], 1695,
qOut[129], 56968,
qOut[130], 8375,
qOut[131], 53344,
qOut[132], 8420,
qOut[133], 53387,
qOut[134], 8366,
qOut[135], 57586,
qOut[136], 2018,
qOut[137], 8318,
qOut[138], 57164,
qOut[139], 1905,
qOut[140], 55907,
qOut[141], 1215,
qOut[142], 56547,
qOut[143], 56176,
qOut[144], 560,
qOut[145], 8391,
qOut[146], 53448,
qOut[147], 8238,
qOut[148], 56069,
qOut[149], 2847,
qOut[150], 56573,
qOut[151], 8212,
qOut[152], 3259,
qOut[153], 56529,
qOut[154], 1901,
qOut[155], 8230,
qOut[156], 56787,
qOut[157], 53420,
qOut[158], 8319,
qOut[159], 53585,
qOut[160], 56424,
qOut[161], 8278,
qOut[162], 53575,
qOut[163], 55447,
qOut[164], 8238,
qOut[165], 53576,
qOut[166], 55807,
qOut[167], 8281,
qOut[168], 53661,
qOut[169], 56312,
qOut[170], 8255,
qOut[171], 53652,
qOut[172], 55344,
qOut[173], 8209,
qOut[174], 53641,
qOut[175], 55817,
qOut[176], 8255,
qOut[177], 53733,
qOut[178], 56371,
qOut[179], 8216,
qOut[180], 53714,
qOut[181], 55444,
qOut[182], 885,
qOut[183], 8218,
qOut[184], 53742,
qOut[185], 8247,
qOut[186], 56867,
qOut[187], 2095,
qOut[188], 53835,
qOut[189], 54992,
qOut[190], 8206,
qOut[191], 53810,
qOut[192], 55621,
qOut[193], 1000,
qOut[194], 3675,
qOut[195], 56518,
qOut[196], 8100,
qOut[197], 2757,
qOut[198], 55911,
qOut[199], 3445,
qOut[200], 55420,
qOut[201], 3301,
qOut[202], 8192,
qOut[203], 57212,
qOut[204], 2752,
qOut[205], 56147,
qOut[206], 1702,
qOut[207], 55327,
qOut[208], 3374,
qOut[209], 8175,
qOut[210], 57198,
qOut[211], 2614,
qOut[212], 56261,
qOut[213], 3785,
qOut[214], 55553,
qOut[215], 3408,
qOut[216], 3545,
qOut[217], 56358,
qOut[218], 8154,
qOut[219], 54140,
qOut[220], 55794,
qOut[221], 8203,
qOut[222], 54269,
qOut[223], 54161,
qOut[224], 8340,
qOut[225], 56530,
qOut[226], 4123,
qOut[227], 55904,
qOut[228], 8135,
qOut[229], 3158,
qOut[230], 54410,
qOut[231], 55882,
qOut[232], 2168,
qOut[233], 56509,
qOut[234], 3752,
qOut[235], 8201,
qOut[236], 57191,
qOut[237], 2615,
qOut[238], 56254,
qOut[239], 56095,
qOut[240], 358,
qOut[241], 8278,
qOut[242], 54476,
qOut[243], 2587,
qOut[244], 55857,
qOut[245], 1368,
qOut[246], 4344,
qOut[247], 56622,
qOut[248], 2536,
qOut[249], 8039,
qOut[250], 4645,
qOut[251], 57943,
qOut[252], 3611,
qOut[253], 8077,
qOut[254], 54636,
qOut[255], 8045,
qOut[256], 54750,
qOut[257], 56376,
qOut[258], 1649,
qOut[259], 8080,
qOut[260], 54752,
qOut[261], 8050,
qOut[262], 54762,
qOut[263], 7979,
qOut[264], 56423,
qOut[265], 54802,
qOut[266], 7989,
qOut[267], 54920,
qOut[268], 7939,
qOut[269], 55521,
qOut[270], 4241,
qOut[271], 8030,
qOut[272], 54953,
qOut[273], 7961,
qOut[274], 56558,
qOut[275], 2952,
qOut[276], 56434,
qOut[277], 4349,
qOut[278], 8005,
qOut[279], 55075,
qOut[280], 3518,
qOut[281], 55503,
qOut[282], 2233,
qOut[283], 4878,
qOut[284], 56670,
qOut[285], 3258,
qOut[286], 55250,
qOut[287], 55378,
qOut[288], 1524,
qOut[289], 4419,
qOut[290], 56200,
qOut[291], 2933,
qOut[292], 55327,
qOut[293], 55353,
qOut[294], 1592,
qOut[295], 3899,
qOut[296], 55795,
qOut[297], 2595,
qOut[298], 5312,
qOut[299], 56822,
qOut[300], 3517,
qOut[301], 3580,
qOut[302], 55364,
qOut[303], 4568,
qOut[304], 4645,
qOut[305], 55937,
qOut[306], 3089,
qOut[307], 55557,
qOut[308], 8162,
qOut[309], 4906,
qOut[310], 55593,
qOut[311], 8137,
qOut[312], 4185,
qOut[313], 56615,
qOut[314], 3544,
qOut[315], 56467,
qOut[316], 5313,
qOut[317], 7815,
qOut[318], 56675,
qOut[319], 7702,
qOut[320], 7875,
qOut[321], 56329,
qOut[322], 3304,
qOut[323], 55870,
qOut[324], 7785,
qOut[325], 4637,
qOut[326], 56493,
qOut[327], 3910,
qOut[328], 55690,
qOut[329], 3236,
qOut[330], 55228,
qOut[331], 5169,
qOut[332], 7713,
qOut[333], 56360,
qOut[334], 7790,
qOut[335], 55954,
qOut[336], 55799,
qOut[337], 7846,
qOut[338], 56078,
qOut[339], 7863,
qOut[340], 5639,
qOut[341], 57215,
qOut[342], 4642,
qOut[343], 4704,
qOut[344], 55535,
qOut[345], 5920,
qOut[346], 56347,
qOut[347], 8042,
qOut[348], 5578,
qOut[349], 56387,
qOut[350], 8070,
qOut[351], 7602,
qOut[352], 56851,
qOut[353], 7503,
qOut[354], 7749,
qOut[355], 56077,
qOut[356], 6457,
qOut[357], 55803,
qOut[358], 7738,
qOut[359], 6149,
qOut[360], 56634,
qOut[361], 7986,
qOut[362], 5076,
qOut[363], 56502,
qOut[364], 4538,
qOut[365], 56217,
qOut[366], 56203,
qOut[367], 3640,
qOut[368], 7620,
qOut[369], 55578,
qOut[370], 7775,
qOut[371], 56926,
qOut[372], 55454,
qOut[373], 3916,
qOut[374], 55249,
qOut[375], 7331,
qOut[376], 7550,
qOut[377], 56181,
qOut[378], 7701,
qOut[379], 57106,
qOut[380], 55484,
qOut[381], 4009,
qOut[382], 55280,
qOut[383], 7267,
qOut[384], 7492,
qOut[385], 56005,
qOut[386], 7649,
qOut[387], 57315,
qOut[388], 55464,
qOut[389], 4095,
qOut[390], 55262,
qOut[391], 7194,
qOut[392], 7428,
qOut[393], 55572,
qOut[394], 7622,
qOut[395], 57499,
qOut[396], 55368,
qOut[397], 3846,
qOut[398], 8073,
qOut[399], 57291,
qOut[400], 5547,
qOut[401], 56079,
qOut[402], 7367,
qOut[403], 55995,
qOut[404], 7471,
qOut[405], 6662,
qOut[406], 57053,
qOut[407], 7167,
qOut[408], 56200,
qOut[409], 7466,
qOut[410], 57894,
qOut[411], 55410,
qOut[412], 4176,
qOut[413], 55140,
qOut[414], 7177,
qOut[415], 7503,
qOut[416], 56143,
qOut[417], 4661,
qOut[418], 55126,
qOut[419], 7124,
qOut[420], 7465,
qOut[421], 56187,
qOut[422], 5128,
qOut[423], 55405,
qOut[424], 7114,
qOut[425], 55461,
qOut[426], 7438,
qOut[427], 6899,
qOut[428], 56480,
qOut[429], 7354,
qOut[430], 58369,
qOut[431], 55397,
qOut[432], 6983,
qOut[433], 55515,
qOut[434], 7219,
qOut[435], 7175,
qOut[436], 57112,
qOut[437], 6951,
qOut[438], 7424,
qOut[439], 55882,
qOut[440], 6855,
qOut[441], 55795,
qOut[442], 7444,
qOut[443], 55681,
qOut[444], 7280,
qOut[445], 55668,
qOut[446], 55214,
qOut[447], 6468,
qOut[448], 55202,
qOut[449], 7133,
qOut[450], 6505,
qOut[451], 57208,
qOut[452], 7024,
qOut[453], 6399,
qOut[454], 56798,
qOut[455], 6886,
qOut[456], 6306,
qOut[457], 56016,
qOut[458], 6794,
qOut[459], 6205,
qOut[460], 55968,
qOut[461], 6812,
qOut[462], 55630,
qOut[463], 5806,
qOut[464], 55761,
qOut[465], 5869,
qOut[466], 55401,
qOut[467], 6158,
qOut[468], 55551,
qOut[469], 6845,
qOut[470], 55583,
qOut[471], 5824,
qOut[472], 55388,
qOut[473], 54534,
qOut[474], 6390,
qOut[475], 55171,
qOut[476], 54421,
qOut[477], 6546,
qOut[478], 55031,
qOut[479], 5936,
qOut[480], 54668,
qOut[481], 6664,
qOut[482], 54787,
qOut[483], 5237,
qOut[484], 5800,
qOut[485], 56204,
qOut[486], 6257,
qOut[487], 5592,
qOut[488], 55419,
qOut[489], 6270,
qOut[490], 5647,
qOut[491], 55182,
qOut[492], 5117,
qOut[493], 54494,
qOut[494], 5911,
qOut[495], 54425,
qOut[496], 6492,
qOut[497], 54446,
qOut[498], 5142,
qOut[499], 5630,
qOut[500], 54680,
qOut[501], 6444,
qOut[502], 55053,
qOut[503], 4833,
qOut[504], 54180,
qOut[505], 6725,
qOut[506], 54214,
qOut[507], 5369,
qOut[508], 6050,
qOut[509], 54821,
qOut[510], 5565,
qOut[511], 54297,
qOut[512], 4996,
qOut[513], 6592,
qOut[514], 55593,
qOut[515], 4678,
qOut[516], 5250,
qOut[517], 54095,
qOut[518], 5775,
qOut[519], 5017,
qOut[520], 54874,
qOut[521], 4320,
qOut[522], 54134,
qOut[523], 6093,
qOut[524], 5444,
qOut[525], 54405,
qOut[526], 4907,
qOut[527], 6605,
qOut[528], 55344,
qOut[529], 4507,
qOut[530], 5059,
qOut[531], 6558,
qOut[532], 55170,
qOut[533], 4636,
qOut[534], 6240,
qOut[535], 55478,
qOut[536], 4240,
qOut[537], 4647,
qOut[538], 6148,
qOut[539], 54850,
qOut[540], 4244,
qOut[541], 5753,
qOut[542], 54663,
qOut[543], 5142,
qOut[544], 54225,
qOut[545], 5548,
qOut[546], 4750,
qOut[547], 54254,
qOut[548], 5154,
qOut[549], 5762,
qOut[550], 54265,
qOut[551], 4983,
qOut[552], 5430,
qOut[553], 54300,
qOut[554], 4525,
qOut[555], 5030,
qOut[556], 6525,
qOut[557], 54930,
qOut[558], 4562,
qOut[559], 6188,
qOut[560], 54946,
qOut[561], 4137,
qOut[562], 5782,
qOut[563], 54461,
qOut[564], 4907,
qOut[565], 5461,
qOut[566], 5522,
qOut[567], 55677,
qOut[568], 3551,
qOut[569], 5113,
qOut[570], 6727,
qOut[571], 55818,
qOut[572], 4568,
qOut[573], 6362,
qOut[574], 55186,
qOut[575], 4277,
qOut[576], 5964,
qOut[577], 54904,
qOut[578], 5193,
qOut[579], 5728,
qOut[580], 5926,
qOut[581], 55917,
qOut[582], 3959,
qOut[583], 5723,
qOut[584], 55366,
qOut[585], 4888,
qOut[586], 5440,
qOut[587], 5679,
qOut[588], 55941,
qOut[589], 3707,
qOut[590], 5423,
qOut[591], 55274,
qOut[592], 4596,
qOut[593], 5152,
qOut[594], 6875,
qOut[595], 56190,
qOut[596], 4826,
qOut[597], 6748,
qOut[598], 56128,
qOut[599], 4737,
qOut[600], 6651,
qOut[601], 55669,
qOut[602], 4652,
qOut[603], 6605,
qOut[604], 55682,
qOut[605], 4600,
qOut[606], 6568,
qOut[607], 55699,
qOut[608], 4545,
qOut[609], 6529,
qOut[610], 56036,
qOut[611], 4490,
qOut[612], 6281,
qOut[613], 56193,
qOut[614], 4273,
qOut[615], 6088,
qOut[616], 56192,
qOut[617], 4168,
qOut[618], 5994,
qOut[619], 56478,
qOut[620], 5345,
qOut[621], 55411,
qOut[622], 4800,
qOut[623], 5341,
qOut[624], 55852,
qOut[625], 4742,
qOut[626], 5288,
qOut[627], 55994,
qOut[628], 55186,
qOut[629], 3814,
qOut[630], 5482,
qOut[631], 56077,
qOut[632], 55227,
qOut[633], 4298,
qOut[634], 5677,
qOut[635], 55793,
qOut[636], 4225,
qOut[637], 5614,
qOut[638], 56357,
qOut[639], 4154,
qOut[640], 5474,
qOut[641], 56636,
qOut[642], 4931,
qOut[643], 55751,
qOut[644], 4411,
qOut[645], 4859,
qOut[646], 55985,
qOut[647], 55218,
qOut[648], 3850,
qOut[649], 4965,
qOut[650], 55829,
qOut[651], 4407,
qOut[652], 4781,
qOut[653], 56034,
qOut[654], 55258,
qOut[655], 3647,
qOut[656], 5002,
qOut[657], 55671,
qOut[658], 4209,
qOut[659], 4476,
qOut[660], 55641,
qOut[661], 3880,
qOut[662], 4172,
qOut[663], 5346,
qOut[664], 55976,
qOut[665], 3789,
qOut[666], 4823,
qOut[667], 55875,
qOut[668], 3992,
qOut[669], 4260,
qOut[670], 64001,
qOut[671], 62692,
qOut[672], 0,
qOut[673], 0,
qOut[674], 0,
qOut[675], 0,
qOut[676], 0,
qOut[677], 0,
qOut[678], 0,
qOut[679], 0,
qOut[680], 0,
qOut[681], 0,
qOut[682], 0,
qOut[683], 0,
qOut[684], 0,
qOut[685], 0,
qOut[686], 0,
qOut[687], 0,
qOut[688], 0,
qOut[689], 0,
qOut[690], 0,
qOut[691], 0,
qOut[692], 0,
qOut[693], 0,
qOut[694], 0,
qOut[695], 0,
qOut[696], 0,
qOut[697], 0,
qOut[698], 0,
qOut[699], 0,
qOut[700], 0,
qOut[701], 0,
qOut[702], 0,
qOut[703], 0,
qOut[704], 0,
qOut[705], 0,
qOut[706], 0,
qOut[707], 0,
qOut[708], 0,
qOut[709], 0,
qOut[710], 0,
qOut[711], 0,
qOut[712], 0,
qOut[713], 0,
qOut[714], 0,
qOut[715], 0,
qOut[716], 0,
qOut[717], 0,
qOut[718], 0,
qOut[719], 0,
qOut[720], 0,
qOut[721], 0,
qOut[722], 0,
qOut[723], 0,
qOut[724], 0,
qOut[725], 0,
qOut[726], 0,
qOut[727], 0,
qOut[728], 0,
qOut[729], 0,
qOut[730], 0,
qOut[731], 0,
qOut[732], 0,
qOut[733], 0,
qOut[734], 0,
qOut[735], 0,
qOut[736], 0,
qOut[737], 0,
qOut[738], 0,
qOut[739], 0,
qOut[740], 0,
qOut[741], 0,
qOut[742], 0,
qOut[743], 0,
qOut[744], 0,
qOut[745], 0,
qOut[746], 0,
qOut[747], 0,
qOut[748], 0,
qOut[749], 0,
qOut[750], 0,
qOut[751], 0,
qOut[752], 0,
qOut[753], 0,
qOut[754], 0,
qOut[755], 0,
qOut[756], 0,
qOut[757], 0,
qOut[758], 0,
qOut[759], 0,
qOut[760], 0,
qOut[761], 0,
qOut[762], 0,
qOut[763], 0,
qOut[764], 0,
qOut[765], 0,
qOut[766], 0,
qOut[767], 0,
qOut[768], 0,
qOut[769], 0,
qOut[770], 0,
qOut[771], 0,
qOut[772], 0,
qOut[773], 0,
qOut[774], 0,
qOut[775], 0,
qOut[776], 0,
qOut[777], 0,
qOut[778], 0,
qOut[779], 0,
qOut[780], 0,
qOut[781], 0,
qOut[782], 0,
qOut[783], 0,
qOut[784], 0,
qOut[785], 0,
qOut[786], 0,
qOut[787], 0,
qOut[788], 0,
qOut[789], 0,
qOut[790], 0,
qOut[791], 0,
qOut[792], 0,
qOut[793], 0,
qOut[794], 0,
qOut[795], 0,
qOut[796], 0,
qOut[797], 0,
qOut[798], 0,
qOut[799], 0,
qOut[800], 0,
qOut[801], 0,
qOut[802], 0,
qOut[803], 0,
qOut[804], 0,
qOut[805], 0,
qOut[806], 0,
qOut[807], 0,
qOut[808], 0,
qOut[809], 0,
qOut[810], 0,
qOut[811], 0,
qOut[812], 0,
qOut[813], 0,
qOut[814], 0,
qOut[815], 0,
qOut[816], 0,
qOut[817], 0,
qOut[818], 0,
qOut[819], 0,
qOut[820], 0,
qOut[821], 0,
qOut[822], 0,
qOut[823], 0,
qOut[824], 0,
qOut[825], 0,
qOut[826], 0,
qOut[827], 0,
qOut[828], 0,
qOut[829], 0,
qOut[830], 0,
qOut[831], 0,
qOut[832], 0,
qOut[833], 0,
qOut[834], 0,
qOut[835], 0,
qOut[836], 0,
qOut[837], 0,
qOut[838], 0,
qOut[839], 0,
qOut[840], 0,
qOut[841], 0,
qOut[842], 0,
qOut[843], 0,
qOut[844], 0,
qOut[845], 0,
qOut[846], 0,
qOut[847], 0,
qOut[848], 0,
qOut[849], 0,
qOut[850], 0,
qOut[851], 0,
qOut[852], 0,
qOut[853], 0,
qOut[854], 0,
qOut[855], 0,
qOut[856], 0,
qOut[857], 0,
qOut[858], 0,
qOut[859], 0,
qOut[860], 0,
qOut[861], 0,
qOut[862], 0,
qOut[863], 0,
qOut[864], 0,
qOut[865], 0,
qOut[866], 0,
qOut[867], 0,
qOut[868], 0,
qOut[869], 0,
qOut[870], 0,
qOut[871], 0,
qOut[872], 0,
qOut[873], 0,
qOut[874], 0,
qOut[875], 0,
qOut[876], 0,
qOut[877], 0,
qOut[878], 0,
qOut[879], 0,
qOut[880], 0,
qOut[881], 0,
qOut[882], 0,
qOut[883], 0,
qOut[884], 0,
qOut[885], 0,
qOut[886], 0,
qOut[887], 0,
qOut[888], 0,
qOut[889], 0,
qOut[890], 0,
qOut[891], 0,
qOut[892], 0,
qOut[893], 0,
qOut[894], 0,
qOut[895], 0,
qOut[896], 0,
qOut[897], 0,
qOut[898], 0,
qOut[899], 0,
qOut[900], 0,
qOut[901], 0,
qOut[902], 0,
qOut[903], 0,
qOut[904], 0,
qOut[905], 0,
qOut[906], 0,
qOut[907], 0,
qOut[908], 0,
qOut[909], 0,
qOut[910], 0,
qOut[911], 0,
qOut[912], 0,
qOut[913], 0,
qOut[914], 0,
qOut[915], 0,
qOut[916], 0,
qOut[917], 0,
qOut[918], 0,
qOut[919], 0,
qOut[920], 0,
qOut[921], 0,
qOut[922], 0,
qOut[923], 0,
qOut[924], 0,
qOut[925], 0,
qOut[926], 0,
qOut[927], 0,
qOut[928], 0,
qOut[929], 0,
qOut[930], 0,
qOut[931], 0,
qOut[932], 0,
qOut[933], 0,
qOut[934], 0,
qOut[935], 0,
qOut[936], 0,
qOut[937], 0,
qOut[938], 0,
qOut[939], 0,
qOut[940], 0,
qOut[941], 0,
qOut[942], 0,
qOut[943], 0,
qOut[944], 0,
qOut[945], 0,
qOut[946], 0,
qOut[947], 0,
qOut[948], 0,
qOut[949], 0,
qOut[950], 0,
qOut[951], 0,
qOut[952], 0,
qOut[953], 0,
qOut[954], 0,
qOut[955], 0,
qOut[956], 0,
qOut[957], 0,
qOut[958], 0,
qOut[959], 0,
qOut[960], 0,
qOut[961], 0,
qOut[962], 0,
qOut[963], 0,
qOut[964], 0,
qOut[965], 0,
qOut[966], 0,
qOut[967], 0,
qOut[968], 0,
qOut[969], 0,
qOut[970], 0,
qOut[971], 0,
qOut[972], 0,
qOut[973], 0,
qOut[974], 0,
qOut[975], 0,
qOut[976], 0,
qOut[977], 0,
qOut[978], 0,
qOut[979], 0,
qOut[980], 0,
qOut[981], 0,
qOut[982], 0,
qOut[983], 0,
qOut[984], 0,
qOut[985], 0,
qOut[986], 0,
qOut[987], 0,
qOut[988], 0,
qOut[989], 0,
qOut[990], 0,
qOut[991], 0,
qOut[992], 0,
qOut[993], 0,
qOut[994], 0,
qOut[995], 0,
qOut[996], 0,
qOut[997], 0,
qOut[998], 0,
qOut[999], 0,
qOut[1000], 0,
qOut[1001], 0,
qOut[1002], 0,
qOut[1003], 0,
qOut[1004], 0,
qOut[1005], 0,
qOut[1006], 0,
qOut[1007], 0,
qOut[1008], 0,
qOut[1009], 0,
qOut[1010], 0,
qOut[1011], 0,
qOut[1012], 0,
qOut[1013], 0,
qOut[1014], 0,
qOut[1015], 0,
qOut[1016], 0,
qOut[1017], 0,
qOut[1018], 0,
qOut[1019], 0,
qOut[1020], 0,
qOut[1021], 0,
qOut[1022], 0,
qOut[1023], 0,
qOut[1024], 0,
qOut[1025], 0,
qOut[1026], 0,
qOut[1027], 0,
qOut[1028], 0,
qOut[1029], 0,
qOut[1030], 0,
qOut[1031], 0,
qOut[1032], 0,
qOut[1033], 0,
qOut[1034], 0,
qOut[1035], 0,
qOut[1036], 0,
qOut[1037], 0,
qOut[1038], 0,
qOut[1039], 0,
qOut[1040], 0,
qOut[1041], 0,
qOut[1042], 0,
qOut[1043], 0,
qOut[1044], 0,
qOut[1045], 0,
qOut[1046], 0,
qOut[1047], 0,
qOut[1048], 0,
qOut[1049], 0,
qOut[1050], 0,
qOut[1051], 0,
qOut[1052], 0,
qOut[1053], 0,
qOut[1054], 0,
qOut[1055], 0,
qOut[1056], 0,
qOut[1057], 0,
qOut[1058], 0,
qOut[1059], 0,
qOut[1060], 0,
qOut[1061], 0,
qOut[1062], 0,
qOut[1063], 0,
qOut[1064], 0,
qOut[1065], 0,
qOut[1066], 0,
qOut[1067], 0,
qOut[1068], 0,
qOut[1069], 0,
qOut[1070], 0,
qOut[1071], 0,
qOut[1072], 0,
qOut[1073], 0,
qOut[1074], 0,
qOut[1075], 0,
qOut[1076], 0,
qOut[1077], 0,
qOut[1078], 0,
qOut[1079], 0,
qOut[1080], 0,
qOut[1081], 0,
qOut[1082], 0,
qOut[1083], 0,
qOut[1084], 0,
qOut[1085], 0,
qOut[1086], 0,
qOut[1087], 0,
qOut[1088], 0,
qOut[1089], 0,
qOut[1090], 0,
qOut[1091], 0,
qOut[1092], 0,
qOut[1093], 0,
qOut[1094], 0,
qOut[1095], 0,
qOut[1096], 0,
qOut[1097], 0,
qOut[1098], 0,
qOut[1099], 0,
qOut[1100], 0,
qOut[1101], 0,
qOut[1102], 0,
qOut[1103], 0,
qOut[1104], 0,
qOut[1105], 0,
qOut[1106], 0,
qOut[1107], 0,
qOut[1108], 0,
qOut[1109], 0,
qOut[1110], 0,
qOut[1111], 0,
qOut[1112], 0,
qOut[1113], 0,
qOut[1114], 0,
qOut[1115], 0,
qOut[1116], 0,
qOut[1117], 0,
qOut[1118], 0,
qOut[1119], 0,
qOut[1120], 0,
qOut[1121], 0,
qOut[1122], 0,
qOut[1123], 0,
qOut[1124], 0,
qOut[1125], 0,
qOut[1126], 0,
qOut[1127], 0,
qOut[1128], 0,
qOut[1129], 0,
qOut[1130], 0,
qOut[1131], 0,
qOut[1132], 0,
qOut[1133], 0,
qOut[1134], 0,
qOut[1135], 0,
qOut[1136], 0,
qOut[1137], 0,
qOut[1138], 0,
qOut[1139], 0,
qOut[1140], 0,
qOut[1141], 0,
qOut[1142], 0,
qOut[1143], 0,
qOut[1144], 0,
qOut[1145], 0,
qOut[1146], 0,
qOut[1147], 0,
qOut[1148], 0,
qOut[1149], 0,
qOut[1150], 0,
qOut[1151], 0,
qOut[1152], 0,
qOut[1153], 0,
qOut[1154], 0,
qOut[1155], 0,
qOut[1156], 0,
qOut[1157], 0,
qOut[1158], 0,
qOut[1159], 0,
qOut[1160], 0,
qOut[1161], 0,
qOut[1162], 0,
qOut[1163], 0,
qOut[1164], 0,
qOut[1165], 0,
qOut[1166], 0,
qOut[1167], 0,
qOut[1168], 0,
qOut[1169], 0,
qOut[1170], 0,
qOut[1171], 0,
qOut[1172], 0,
qOut[1173], 0,
qOut[1174], 0,
qOut[1175], 0,
qOut[1176], 0,
qOut[1177], 0,
qOut[1178], 0,
qOut[1179], 0,
qOut[1180], 0,
qOut[1181], 0,
qOut[1182], 0,
qOut[1183], 0,
qOut[1184], 0,
qOut[1185], 0,
qOut[1186], 0,
qOut[1187], 0,
qOut[1188], 0,
qOut[1189], 0,
qOut[1190], 0,
qOut[1191], 0,
qOut[1192], 0,
qOut[1193], 0,
qOut[1194], 0,
qOut[1195], 0,
qOut[1196], 0,
qOut[1197], 0,
qOut[1198], 0,
qOut[1199], 0,
qOut[1200], 0,
qOut[1201], 0,
qOut[1202], 0,
qOut[1203], 0,
qOut[1204], 0,
qOut[1205], 0,
qOut[1206], 0,
qOut[1207], 0,
qOut[1208], 0,
qOut[1209], 0,
qOut[1210], 0,
qOut[1211], 0,
qOut[1212], 0,
qOut[1213], 0,
qOut[1214], 0,
qOut[1215], 0,
qOut[1216], 0,
qOut[1217], 0,
qOut[1218], 0,
qOut[1219], 0,
qOut[1220], 0,
qOut[1221], 0,
qOut[1222], 0,
qOut[1223], 0,
qOut[1224], 0,
qOut[1225], 0,
qOut[1226], 0,
qOut[1227], 0,
qOut[1228], 0,
qOut[1229], 0,
qOut[1230], 0,
qOut[1231], 0,
qOut[1232], 0,
qOut[1233], 0,
qOut[1234], 0,
qOut[1235], 0,
qOut[1236], 0,
qOut[1237], 0,
qOut[1238], 0,
qOut[1239], 0,
qOut[1240], 0,
qOut[1241], 0,
qOut[1242], 0,
qOut[1243], 0,
qOut[1244], 0,
qOut[1245], 0,
qOut[1246], 0,
qOut[1247], 0,
qOut[1248], 0,
qOut[1249], 0,
qOut[1250], 0,
qOut[1251], 0,
qOut[1252], 0,
qOut[1253], 0,
qOut[1254], 0,
qOut[1255], 0,
qOut[1256], 0,
qOut[1257], 0,
qOut[1258], 0,
qOut[1259], 0,
qOut[1260], 0,
qOut[1261], 0,
qOut[1262], 0,
qOut[1263], 0,
qOut[1264], 0,
qOut[1265], 0,
qOut[1266], 0,
qOut[1267], 0,
qOut[1268], 0,
qOut[1269], 0,
qOut[1270], 0,
qOut[1271], 0,
qOut[1272], 0,
qOut[1273], 0,
qOut[1274], 0,
qOut[1275], 0,
qOut[1276], 0,
qOut[1277], 0,
qOut[1278], 0,
qOut[1279], 0,
qOut[1280], 0,
qOut[1281], 0,
qOut[1282], 0,
qOut[1283], 0,
qOut[1284], 0,
qOut[1285], 0,
qOut[1286], 0,
qOut[1287], 0,
qOut[1288], 0,
qOut[1289], 0,
qOut[1290], 0,
qOut[1291], 0,
qOut[1292], 0,
qOut[1293], 0,
qOut[1294], 0,
qOut[1295], 0,
qOut[1296], 0,
qOut[1297], 0,
qOut[1298], 0,
qOut[1299], 0,
qOut[1300], 0,
qOut[1301], 0,
qOut[1302], 0,
qOut[1303], 0,
qOut[1304], 0,
qOut[1305], 0,
qOut[1306], 0,
qOut[1307], 0,
qOut[1308], 0,
qOut[1309], 0,
qOut[1310], 0,
qOut[1311], 0,
qOut[1312], 0,
qOut[1313], 0,
qOut[1314], 0,
qOut[1315], 0,
qOut[1316], 0,
qOut[1317], 0,
qOut[1318], 0,
qOut[1319], 0,
qOut[1320], 0,
qOut[1321], 0,
qOut[1322], 0,
qOut[1323], 0,
qOut[1324], 0,
qOut[1325], 0,
qOut[1326], 0,
qOut[1327], 0,
qOut[1328], 0,
qOut[1329], 0,
qOut[1330], 0,
qOut[1331], 0,
qOut[1332], 0,
qOut[1333], 0,
qOut[1334], 0,
qOut[1335], 0,
qOut[1336], 0,
qOut[1337], 0,
qOut[1338], 0,
qOut[1339], 0,
qOut[1340], 0,
qOut[1341], 0,
qOut[1342], 0,
qOut[1343], 0,
qOut[1344], 0,
qOut[1345], 0,
qOut[1346], 0,
qOut[1347], 0,
qOut[1348], 0,
qOut[1349], 0,
qOut[1350], 0,
qOut[1351], 0,
qOut[1352], 0,
qOut[1353], 0,
qOut[1354], 0,
qOut[1355], 0,
qOut[1356], 0,
qOut[1357], 0,
qOut[1358], 0,
qOut[1359], 0,
qOut[1360], 0,
qOut[1361], 0,
qOut[1362], 0,
qOut[1363], 0,
qOut[1364], 0,
qOut[1365], 0,
qOut[1366], 0,
qOut[1367], 0,
qOut[1368], 0,
qOut[1369], 0,
qOut[1370], 0,
qOut[1371], 0,
qOut[1372], 0,
qOut[1373], 0,
qOut[1374], 0,
qOut[1375], 0,
qOut[1376], 0,
qOut[1377], 0,
qOut[1378], 0,
qOut[1379], 0,
qOut[1380], 0,
qOut[1381], 0,
qOut[1382], 0,
qOut[1383], 0,
qOut[1384], 0,
qOut[1385], 0,
qOut[1386], 0,
qOut[1387], 0,
qOut[1388], 0,
qOut[1389], 0,
qOut[1390], 0,
qOut[1391], 0,
qOut[1392], 0,
qOut[1393], 0,
qOut[1394], 0,
qOut[1395], 0,
qOut[1396], 0,
qOut[1397], 0,
qOut[1398], 0,
qOut[1399], 0,
qOut[1400], 0,
qOut[1401], 0,
qOut[1402], 0,
qOut[1403], 0,
qOut[1404], 0,
qOut[1405], 0,
qOut[1406], 0,
qOut[1407], 0,
qOut[1408], 0,
qOut[1409], 0,
qOut[1410], 0,
qOut[1411], 0,
qOut[1412], 0,
qOut[1413], 0,
qOut[1414], 0,
qOut[1415], 0,
qOut[1416], 0,
qOut[1417], 0,
qOut[1418], 0,
qOut[1419], 0,
qOut[1420], 0,
qOut[1421], 0,
qOut[1422], 0,
qOut[1423], 0,
qOut[1424], 0,
qOut[1425], 0,
qOut[1426], 0,
qOut[1427], 0,
qOut[1428], 0,
qOut[1429], 0,
qOut[1430], 0,
qOut[1431], 0,
qOut[1432], 0,
qOut[1433], 0,
qOut[1434], 0,
qOut[1435], 0,
qOut[1436], 0,
qOut[1437], 0,
qOut[1438], 0,
qOut[1439], 0,
qOut[1440], 0,
qOut[1441], 0,
qOut[1442], 0,
qOut[1443], 0,
qOut[1444], 0,
qOut[1445], 0,
qOut[1446], 0,
qOut[1447], 0,
qOut[1448], 0,
qOut[1449], 0,
qOut[1450], 0,
qOut[1451], 0,
qOut[1452], 0,
qOut[1453], 0,
qOut[1454], 0,
qOut[1455], 0,
qOut[1456], 0,
qOut[1457], 0,
qOut[1458], 0,
qOut[1459], 0,
qOut[1460], 0,
qOut[1461], 0,
qOut[1462], 0,
qOut[1463], 0,
qOut[1464], 0,
qOut[1465], 0,
qOut[1466], 0,
qOut[1467], 0,
qOut[1468], 0,
qOut[1469], 0,
qOut[1470], 0,
qOut[1471], 0,
qOut[1472], 0,
qOut[1473], 0,
qOut[1474], 0,
qOut[1475], 0,
qOut[1476], 0,
qOut[1477], 0,
qOut[1478], 0,
qOut[1479], 0,
qOut[1480], 0,
qOut[1481], 0,
qOut[1482], 0,
qOut[1483], 0,
qOut[1484], 0,
qOut[1485], 0,
qOut[1486], 0,
qOut[1487], 0,
qOut[1488], 0,
qOut[1489], 0,
qOut[1490], 0,
qOut[1491], 0,
qOut[1492], 0,
qOut[1493], 0,
qOut[1494], 0,
qOut[1495], 0,
qOut[1496], 0,
qOut[1497], 0,
qOut[1498], 0,
qOut[1499], 0,
qOut[1500], 0,
qOut[1501], 0,
qOut[1502], 0,
qOut[1503], 0,
qOut[1504], 0,
qOut[1505], 0,
qOut[1506], 0,
qOut[1507], 0,
qOut[1508], 0,
qOut[1509], 0,
qOut[1510], 0,
qOut[1511], 0,
qOut[1512], 0,
qOut[1513], 0,
qOut[1514], 0,
qOut[1515], 0,
qOut[1516], 0,
qOut[1517], 0,
qOut[1518], 0,
qOut[1519], 0,
qOut[1520], 0,
qOut[1521], 0,
qOut[1522], 0,
qOut[1523], 0,
qOut[1524], 0,
qOut[1525], 0,
qOut[1526], 0,
qOut[1527], 0,
qOut[1528], 0,
qOut[1529], 0,
qOut[1530], 0,
qOut[1531], 0,
qOut[1532], 0,
qOut[1533], 0,
qOut[1534], 0,
qOut[1535], 0,
qOut[1536], 0,
qOut[1537], 0,
qOut[1538], 0,
qOut[1539], 0,
qOut[1540], 0,
qOut[1541], 0,
qOut[1542], 0,
qOut[1543], 0,
qOut[1544], 0,
qOut[1545], 0,
qOut[1546], 0,
qOut[1547], 0,
qOut[1548], 0,
qOut[1549], 0,
qOut[1550], 0,
qOut[1551], 0,
qOut[1552], 0,
qOut[1553], 0,
qOut[1554], 0,
qOut[1555], 0,
qOut[1556], 0,
qOut[1557], 0,
qOut[1558], 0,
qOut[1559], 0,
qOut[1560], 0,
qOut[1561], 0,
qOut[1562], 0,
qOut[1563], 0,
qOut[1564], 0,
qOut[1565], 0,
qOut[1566], 0,
qOut[1567], 0,
qOut[1568], 0,
qOut[1569], 0,
qOut[1570], 0,
qOut[1571], 0,
qOut[1572], 0,
qOut[1573], 0,
qOut[1574], 0,
qOut[1575], 0,
qOut[1576], 0,
qOut[1577], 0,
qOut[1578], 0,
qOut[1579], 0,
qOut[1580], 0,
qOut[1581], 0,
qOut[1582], 0,
qOut[1583], 0,
qOut[1584], 0,
qOut[1585], 0,
qOut[1586], 0,
qOut[1587], 0,
qOut[1588], 0,
qOut[1589], 0,
qOut[1590], 0,
qOut[1591], 0,
qOut[1592], 0,
qOut[1593], 0,
qOut[1594], 0,
qOut[1595], 0,
qOut[1596], 0,
qOut[1597], 0,
qOut[1598], 0,
qOut[1599], 0,
qOut[1600], 0,
qOut[1601], 0,
qOut[1602], 0,
qOut[1603], 0,
qOut[1604], 0,
qOut[1605], 0,
qOut[1606], 0,
qOut[1607], 0,
qOut[1608], 0,
qOut[1609], 0,
qOut[1610], 0,
qOut[1611], 0,
qOut[1612], 0,
qOut[1613], 0,
qOut[1614], 0,
qOut[1615], 0,
qOut[1616], 0,
qOut[1617], 0,
qOut[1618], 0,
qOut[1619], 0,
qOut[1620], 0,
qOut[1621], 0,
qOut[1622], 0,
qOut[1623], 0,
qOut[1624], 0,
qOut[1625], 0,
qOut[1626], 0,
qOut[1627], 0,
qOut[1628], 0,
qOut[1629], 0,
qOut[1630], 0,
qOut[1631], 0,
qOut[1632], 0,
qOut[1633], 0,
qOut[1634], 0,
qOut[1635], 0,
qOut[1636], 0,
qOut[1637], 0,
qOut[1638], 0,
qOut[1639], 0,
qOut[1640], 0,
qOut[1641], 0,
qOut[1642], 0,
qOut[1643], 0,
qOut[1644], 0,
qOut[1645], 0,
qOut[1646], 0,
qOut[1647], 0,
qOut[1648], 0,
qOut[1649], 0,
qOut[1650], 0,
qOut[1651], 0,
qOut[1652], 0,
qOut[1653], 0,
qOut[1654], 0,
qOut[1655], 0,
qOut[1656], 0,
qOut[1657], 0,
qOut[1658], 0,
qOut[1659], 0,
qOut[1660], 0,
qOut[1661], 0,
qOut[1662], 0,
qOut[1663], 0,
qOut[1664], 0,
qOut[1665], 0,
qOut[1666], 0,
qOut[1667], 0,
qOut[1668], 0,
qOut[1669], 0,
qOut[1670], 0,
qOut[1671], 0,
qOut[1672], 0,
qOut[1673], 0,
qOut[1674], 0,
qOut[1675], 0,
qOut[1676], 0,
qOut[1677], 0,
qOut[1678], 0,
qOut[1679], 0,
qOut[1680], 0,
qOut[1681], 0,
qOut[1682], 0,
qOut[1683], 0,
qOut[1684], 0,
qOut[1685], 0,
qOut[1686], 0,
qOut[1687], 0,
qOut[1688], 0,
qOut[1689], 0,
qOut[1690], 0,
qOut[1691], 0,
qOut[1692], 0,
qOut[1693], 0,
qOut[1694], 0,
qOut[1695], 0,
qOut[1696], 0,
qOut[1697], 0,
qOut[1698], 0,
qOut[1699], 0,
qOut[1700], 0,
qOut[1701], 0,
qOut[1702], 0,
qOut[1703], 0,
qOut[1704], 0,
qOut[1705], 0,
qOut[1706], 0,
qOut[1707], 0,
qOut[1708], 0,
qOut[1709], 0,
qOut[1710], 0,
qOut[1711], 0,
qOut[1712], 0,
qOut[1713], 0,
qOut[1714], 0,
qOut[1715], 0,
qOut[1716], 0,
qOut[1717], 0,
qOut[1718], 0,
qOut[1719], 0,
qOut[1720], 0,
qOut[1721], 0,
qOut[1722], 0,
qOut[1723], 0,
qOut[1724], 0,
qOut[1725], 0,
qOut[1726], 0,
qOut[1727], 0,
qOut[1728], 0,
qOut[1729], 0,
qOut[1730], 0,
qOut[1731], 0,
qOut[1732], 0,
qOut[1733], 0,
qOut[1734], 0,
qOut[1735], 0,
qOut[1736], 0,
qOut[1737], 0,
qOut[1738], 0,
qOut[1739], 0,
qOut[1740], 0,
qOut[1741], 0,
qOut[1742], 0,
qOut[1743], 0,
qOut[1744], 0,
qOut[1745], 0,
qOut[1746], 0,
qOut[1747], 0,
qOut[1748], 0,
qOut[1749], 0,
qOut[1750], 0,
qOut[1751], 0,
qOut[1752], 0,
qOut[1753], 0,
qOut[1754], 0,
qOut[1755], 0,
qOut[1756], 0,
qOut[1757], 0,
qOut[1758], 0,
qOut[1759], 0,
qOut[1760], 0,
qOut[1761], 0,
qOut[1762], 0,
qOut[1763], 0,
qOut[1764], 0,
qOut[1765], 0,
qOut[1766], 0,
qOut[1767], 0,
qOut[1768], 0,
qOut[1769], 0,
qOut[1770], 0,
qOut[1771], 0,
qOut[1772], 0,
qOut[1773], 0,
qOut[1774], 0,
qOut[1775], 0,
qOut[1776], 0,
qOut[1777], 0,
qOut[1778], 0,
qOut[1779], 0,
qOut[1780], 0,
qOut[1781], 0,
qOut[1782], 0,
qOut[1783], 0,
qOut[1784], 0,
qOut[1785], 0,
qOut[1786], 0,
qOut[1787], 0,
qOut[1788], 0,
qOut[1789], 0,
qOut[1790], 0,
qOut[1791], 0,
qOut[1792], 0,
qOut[1793], 0,
qOut[1794], 0,
qOut[1795], 0,
qOut[1796], 0,
qOut[1797], 0,
qOut[1798], 0,
qOut[1799], 0,
qOut[1800], 0,
qOut[1801], 0,
qOut[1802], 0,
qOut[1803], 0,
qOut[1804], 0,
qOut[1805], 0,
qOut[1806], 0,
qOut[1807], 0,
qOut[1808], 0,
qOut[1809], 0,
qOut[1810], 0,
qOut[1811], 0,
qOut[1812], 0,
qOut[1813], 0,
qOut[1814], 0,
qOut[1815], 0,
qOut[1816], 0,
qOut[1817], 0,
qOut[1818], 0,
qOut[1819], 0,
qOut[1820], 0,
qOut[1821], 0,
qOut[1822], 0,
qOut[1823], 0,
qOut[1824], 0,
qOut[1825], 0,
qOut[1826], 0,
qOut[1827], 0,
qOut[1828], 0,
qOut[1829], 0,
qOut[1830], 0,
qOut[1831], 0,
qOut[1832], 0,
qOut[1833], 0,
qOut[1834], 0,
qOut[1835], 0,
qOut[1836], 0,
qOut[1837], 0,
qOut[1838], 0,
qOut[1839], 0,
qOut[1840], 0,
qOut[1841], 0,
qOut[1842], 0,
qOut[1843], 0,
qOut[1844], 0,
qOut[1845], 0,
qOut[1846], 0,
qOut[1847], 0,
qOut[1848], 0,
qOut[1849], 0,
qOut[1850], 0,
qOut[1851], 0,
qOut[1852], 0,
qOut[1853], 0,
qOut[1854], 0,
qOut[1855], 0,
qOut[1856], 0,
qOut[1857], 0,
qOut[1858], 0,
qOut[1859], 0,
qOut[1860], 0,
qOut[1861], 0,
qOut[1862], 0,
qOut[1863], 0,
qOut[1864], 0,
qOut[1865], 0,
qOut[1866], 0,
qOut[1867], 0,
qOut[1868], 0,
qOut[1869], 0,
qOut[1870], 0,
qOut[1871], 0,
qOut[1872], 0,
qOut[1873], 0,
qOut[1874], 0,
qOut[1875], 0,
qOut[1876], 0,
qOut[1877], 0,
qOut[1878], 0,
qOut[1879], 0,
qOut[1880], 0,
qOut[1881], 0,
qOut[1882], 0,
qOut[1883], 0,
qOut[1884], 0,
qOut[1885], 0,
qOut[1886], 0,
qOut[1887], 0,
qOut[1888], 0,
qOut[1889], 0,
qOut[1890], 0,
qOut[1891], 0,
qOut[1892], 0,
qOut[1893], 0,
qOut[1894], 0,
qOut[1895], 0,
qOut[1896], 0,
qOut[1897], 0,
qOut[1898], 0,
qOut[1899], 0,
qOut[1900], 0,
qOut[1901], 0,
qOut[1902], 0,
qOut[1903], 0,
qOut[1904], 0,
qOut[1905], 0,
qOut[1906], 0,
qOut[1907], 0,
qOut[1908], 0,
qOut[1909], 0,
qOut[1910], 0,
qOut[1911], 0,
qOut[1912], 0,
qOut[1913], 0,
qOut[1914], 0,
qOut[1915], 0,
qOut[1916], 0,
qOut[1917], 0,
qOut[1918], 0,
qOut[1919], 0,
qOut[1920], 0,
qOut[1921], 0,
qOut[1922], 0,
qOut[1923], 0,
qOut[1924], 0,
qOut[1925], 0,
qOut[1926], 0,
qOut[1927], 0,
qOut[1928], 0,
qOut[1929], 0,
qOut[1930], 0,
qOut[1931], 0,
qOut[1932], 0,
qOut[1933], 0,
qOut[1934], 0,
qOut[1935], 0,
qOut[1936], 0,
qOut[1937], 0,
qOut[1938], 0,
qOut[1939], 0,
qOut[1940], 0,
qOut[1941], 0,
qOut[1942], 0,
qOut[1943], 0,
qOut[1944], 0,
qOut[1945], 0,
qOut[1946], 0,
qOut[1947], 0,
qOut[1948], 0,
qOut[1949], 0,
qOut[1950], 0,
qOut[1951], 0,
qOut[1952], 0,
qOut[1953], 0,
qOut[1954], 0,
qOut[1955], 0,
qOut[1956], 0,
qOut[1957], 0,
qOut[1958], 0,
qOut[1959], 0,
qOut[1960], 0,
qOut[1961], 0,
qOut[1962], 0,
qOut[1963], 0,
qOut[1964], 0,
qOut[1965], 0,
qOut[1966], 0,
qOut[1967], 0,
qOut[1968], 0,
qOut[1969], 0,
qOut[1970], 0,
qOut[1971], 0,
qOut[1972], 0,
qOut[1973], 0,
qOut[1974], 0,
qOut[1975], 0,
qOut[1976], 0,
qOut[1977], 0,
qOut[1978], 0,
qOut[1979], 0,
qOut[1980], 0,
qOut[1981], 0,
qOut[1982], 0,
qOut[1983], 0,
qOut[1984], 0,
qOut[1985], 0,
qOut[1986], 0,
qOut[1987], 0,
qOut[1988], 0,
qOut[1989], 0,
qOut[1990], 0,
qOut[1991], 0,
qOut[1992], 0,
qOut[1993], 0,
qOut[1994], 0,
qOut[1995], 0,
qOut[1996], 0,
qOut[1997], 0,
qOut[1998], 0,
qOut[1999], 0,
qOut[2000], 0,
qOut[2001], 0,
qOut[2002], 0,
qOut[2003], 0,
qOut[2004], 0,
qOut[2005], 0,
qOut[2006], 0,
qOut[2007], 0,
qOut[2008], 0,
qOut[2009], 0,
qOut[2010], 0,
qOut[2011], 0,
qOut[2012], 0,
qOut[2013], 0,
qOut[2014], 0,
qOut[2015], 0,
qOut[2016], 0,
qOut[2017], 0,
qOut[2018], 0,
qOut[2019], 0,
qOut[2020], 0,
qOut[2021], 0,
qOut[2022], 0,
qOut[2023], 0,
qOut[2024], 0,
qOut[2025], 0,
qOut[2026], 0,
qOut[2027], 0,
qOut[2028], 0,
qOut[2029], 0,
qOut[2030], 0,
qOut[2031], 0,
qOut[2032], 0,
qOut[2033], 0,
qOut[2034], 0,
qOut[2035], 0,
qOut[2036], 0,
qOut[2037], 0,
qOut[2038], 0,
qOut[2039], 0,
qOut[2040], 0,
qOut[2041], 0,
qOut[2042], 0,
qOut[2043], 0,
qOut[2044], 0,
qOut[2045], 0,
qOut[2046], 0,
qOut[2047], 0,
qOut[2048], 0,
qOut[2049], 0,
qOut[2050], 0,
qOut[2051], 0,
qOut[2052], 0,
qOut[2053], 0,
qOut[2054], 0,
qOut[2055], 0,
qOut[2056], 0,
qOut[2057], 0,
qOut[2058], 0,
qOut[2059], 0,
qOut[2060], 0,
qOut[2061], 0,
qOut[2062], 0,
qOut[2063], 0,
qOut[2064], 0,
qOut[2065], 0,
qOut[2066], 0,
qOut[2067], 0,
qOut[2068], 0,
qOut[2069], 0,
qOut[2070], 0,
qOut[2071], 0,
qOut[2072], 0,
qOut[2073], 0,
qOut[2074], 0,
qOut[2075], 0,
qOut[2076], 0,
qOut[2077], 0,
qOut[2078], 0,
qOut[2079], 0,
qOut[2080], 0,
qOut[2081], 0,
qOut[2082], 0,
qOut[2083], 0,
qOut[2084], 0,
qOut[2085], 0,
qOut[2086], 0,
qOut[2087], 0,
qOut[2088], 0,
qOut[2089], 0,
qOut[2090], 0,
qOut[2091], 0,
qOut[2092], 0,
qOut[2093], 0,
qOut[2094], 0,
qOut[2095], 0,
qOut[2096], 0,
qOut[2097], 0,
qOut[2098], 0,
qOut[2099], 0,
qOut[2100], 0,
qOut[2101], 0,
qOut[2102], 0,
qOut[2103], 0,
qOut[2104], 0,
qOut[2105], 0,
qOut[2106], 0,
qOut[2107], 0,
qOut[2108], 0,
qOut[2109], 0,
qOut[2110], 0,
qOut[2111], 0,
qOut[2112], 0,
qOut[2113], 0,
qOut[2114], 0,
qOut[2115], 0,
qOut[2116], 0,
qOut[2117], 0,
qOut[2118], 0,
qOut[2119], 0,
qOut[2120], 0,
qOut[2121], 0,
qOut[2122], 0,
qOut[2123], 0,
qOut[2124], 0,
qOut[2125], 0,
qOut[2126], 0,
qOut[2127], 0,
qOut[2128], 0,
qOut[2129], 0,
qOut[2130], 0,
qOut[2131], 0,
qOut[2132], 0,
qOut[2133], 0,
qOut[2134], 0,
qOut[2135], 0,
qOut[2136], 0,
qOut[2137], 0,
qOut[2138], 0,
qOut[2139], 0,
qOut[2140], 0,
qOut[2141], 0,
qOut[2142], 0,
qOut[2143], 0,
qOut[2144], 0,
qOut[2145], 0,
qOut[2146], 0,
qOut[2147], 0,
qOut[2148], 0,
qOut[2149], 0,
qOut[2150], 0,
qOut[2151], 0,
qOut[2152], 0,
qOut[2153], 0,
qOut[2154], 0,
qOut[2155], 0,
qOut[2156], 0,
qOut[2157], 0,
qOut[2158], 0,
qOut[2159], 0,
qOut[2160], 0,
qOut[2161], 0,
qOut[2162], 0,
qOut[2163], 0,
qOut[2164], 0,
qOut[2165], 0,
qOut[2166], 0,
qOut[2167], 0,
qOut[2168], 0,
qOut[2169], 0,
qOut[2170], 0,
qOut[2171], 0,
qOut[2172], 0,
qOut[2173], 0,
qOut[2174], 0,
qOut[2175], 0,
qOut[2176], 0,
qOut[2177], 0,
qOut[2178], 0,
qOut[2179], 0,
qOut[2180], 0,
qOut[2181], 0,
qOut[2182], 0,
qOut[2183], 0,
qOut[2184], 0,
qOut[2185], 0,
qOut[2186], 0,
qOut[2187], 0,
qOut[2188], 0,
qOut[2189], 0,
qOut[2190], 0,
qOut[2191], 0,
qOut[2192], 0,
qOut[2193], 0,
qOut[2194], 0,
qOut[2195], 0,
qOut[2196], 0,
qOut[2197], 0,
qOut[2198], 0,
qOut[2199], 0,
qOut[2200], 0,
qOut[2201], 0,
qOut[2202], 0,
qOut[2203], 0,
qOut[2204], 0,
qOut[2205], 0,
qOut[2206], 0,
qOut[2207], 0,
qOut[2208], 0,
qOut[2209], 0,
qOut[2210], 0,
qOut[2211], 0,
qOut[2212], 0,
qOut[2213], 0,
qOut[2214], 0,
qOut[2215], 0,
qOut[2216], 0,
qOut[2217], 0,
qOut[2218], 0,
qOut[2219], 0,
qOut[2220], 0,
qOut[2221], 0,
qOut[2222], 0,
qOut[2223], 0,
qOut[2224], 0,
qOut[2225], 0,
qOut[2226], 0,
qOut[2227], 0,
qOut[2228], 0,
qOut[2229], 0,
qOut[2230], 0,
qOut[2231], 0,
qOut[2232], 0,
qOut[2233], 0,
qOut[2234], 0,
qOut[2235], 0,
qOut[2236], 0,
qOut[2237], 0,
qOut[2238], 0,
qOut[2239], 0,
qOut[2240], 0,
qOut[2241], 0,
qOut[2242], 0,
qOut[2243], 0,
qOut[2244], 0,
qOut[2245], 0,
qOut[2246], 0,
qOut[2247], 0,
qOut[2248], 0,
qOut[2249], 0,
qOut[2250], 0,
qOut[2251], 0,
qOut[2252], 0,
qOut[2253], 0,
qOut[2254], 0,
qOut[2255], 0,
qOut[2256], 0,
qOut[2257], 0,
qOut[2258], 0,
qOut[2259], 0,
qOut[2260], 0,
qOut[2261], 0,
qOut[2262], 0,
qOut[2263], 0,
qOut[2264], 0,
qOut[2265], 0,
qOut[2266], 0,
qOut[2267], 0,
qOut[2268], 0,
qOut[2269], 0,
qOut[2270], 0,
qOut[2271], 0,
qOut[2272], 0,
qOut[2273], 0,
qOut[2274], 0,
qOut[2275], 0,
qOut[2276], 0,
qOut[2277], 0,
qOut[2278], 0,
qOut[2279], 0,
qOut[2280], 0,
qOut[2281], 0,
qOut[2282], 0,
qOut[2283], 0,
qOut[2284], 0,
qOut[2285], 0,
qOut[2286], 0,
qOut[2287], 0,
qOut[2288], 0,
qOut[2289], 0,
qOut[2290], 0,
qOut[2291], 0,
qOut[2292], 0,
qOut[2293], 0,
qOut[2294], 0,
qOut[2295], 0,
qOut[2296], 0,
qOut[2297], 0,
qOut[2298], 0,
qOut[2299], 0,
qOut[2300], 0,
qOut[2301], 0,
qOut[2302], 0,
qOut[2303], 0,
qOut[2304], 0,
qOut[2305], 0,
qOut[2306], 0,
qOut[2307], 0,
qOut[2308], 0,
qOut[2309], 0,
qOut[2310], 0,
qOut[2311], 0,
qOut[2312], 0,
qOut[2313], 0,
qOut[2314], 0,
qOut[2315], 0,
qOut[2316], 0,
qOut[2317], 0,
qOut[2318], 0,
qOut[2319], 0,
qOut[2320], 0,
qOut[2321], 0,
qOut[2322], 0,
qOut[2323], 0,
qOut[2324], 0,
qOut[2325], 0,
qOut[2326], 0,
qOut[2327], 0,
qOut[2328], 0,
qOut[2329], 0,
qOut[2330], 0,
qOut[2331], 0,
qOut[2332], 0,
qOut[2333], 0,
qOut[2334], 0,
qOut[2335], 0,
qOut[2336], 0,
qOut[2337], 0,
qOut[2338], 0,
qOut[2339], 0,
qOut[2340], 0,
qOut[2341], 0,
qOut[2342], 0,
qOut[2343], 0,
qOut[2344], 0,
qOut[2345], 0,
qOut[2346], 0,
qOut[2347], 0,
qOut[2348], 0,
qOut[2349], 0,
qOut[2350], 0,
qOut[2351], 0,
qOut[2352], 0,
qOut[2353], 0,
qOut[2354], 0,
qOut[2355], 0,
qOut[2356], 0,
qOut[2357], 0,
qOut[2358], 0,
qOut[2359], 0,
qOut[2360], 0,
qOut[2361], 0,
qOut[2362], 0,
qOut[2363], 0,
qOut[2364], 0,
qOut[2365], 0,
qOut[2366], 0,
qOut[2367], 0,
qOut[2368], 0,
qOut[2369], 0,
qOut[2370], 0,
qOut[2371], 0,
qOut[2372], 0,
qOut[2373], 0,
qOut[2374], 0,
qOut[2375], 0,
qOut[2376], 0,
qOut[2377], 0,
qOut[2378], 0,
qOut[2379], 0,
qOut[2380], 0,
qOut[2381], 0,
qOut[2382], 0,
qOut[2383], 0,
qOut[2384], 0,
qOut[2385], 0,
qOut[2386], 0,
qOut[2387], 0,
qOut[2388], 0,
qOut[2389], 0,
qOut[2390], 0,
qOut[2391], 0,
qOut[2392], 0,
qOut[2393], 0,
qOut[2394], 0,
qOut[2395], 0,
qOut[2396], 0,
qOut[2397], 0,
qOut[2398], 0,
qOut[2399], 0,
qOut[2400], 0,
qOut[2401], 0,
qOut[2402], 0,
qOut[2403], 0,
qOut[2404], 0,
qOut[2405], 0,
qOut[2406], 0,
qOut[2407], 0,
qOut[2408], 0,
qOut[2409], 0,
qOut[2410], 0,
qOut[2411], 0,
qOut[2412], 0,
qOut[2413], 0,
qOut[2414], 0,
qOut[2415], 0,
qOut[2416], 0,
qOut[2417], 0,
qOut[2418], 0,
qOut[2419], 0,
qOut[2420], 0,
qOut[2421], 0,
qOut[2422], 0,
qOut[2423], 0,
qOut[2424], 0,
qOut[2425], 0,
qOut[2426], 0,
qOut[2427], 0,
qOut[2428], 0,
qOut[2429], 0,
qOut[2430], 0,
qOut[2431], 0,
qOut[2432], 0,
qOut[2433], 0,
qOut[2434], 0,
qOut[2435], 0,
qOut[2436], 0,
qOut[2437], 0,
qOut[2438], 0,
qOut[2439], 0,
qOut[2440], 0,
qOut[2441], 0,
qOut[2442], 0,
qOut[2443], 0,
qOut[2444], 0,
qOut[2445], 0,
qOut[2446], 0,
qOut[2447], 0,
qOut[2448], 0,
qOut[2449], 0,
qOut[2450], 0,
qOut[2451], 0,
qOut[2452], 0,
qOut[2453], 0,
qOut[2454], 0,
qOut[2455], 0,
qOut[2456], 0,
qOut[2457], 0,
qOut[2458], 0,
qOut[2459], 0,
qOut[2460], 0,
qOut[2461], 0,
qOut[2462], 0,
qOut[2463], 0,
qOut[2464], 0,
qOut[2465], 0,
qOut[2466], 0,
qOut[2467], 0,
qOut[2468], 0,
qOut[2469], 0,
qOut[2470], 0,
qOut[2471], 0,
qOut[2472], 0,
qOut[2473], 0,
qOut[2474], 0,
qOut[2475], 0,
qOut[2476], 0,
qOut[2477], 0,
qOut[2478], 0,
qOut[2479], 0,
qOut[2480], 0,
qOut[2481], 0,
qOut[2482], 0,
qOut[2483], 0,
qOut[2484], 0,
qOut[2485], 0,
qOut[2486], 0,
qOut[2487], 0,
qOut[2488], 0,
qOut[2489], 0,
qOut[2490], 0,
qOut[2491], 0,
qOut[2492], 0,
qOut[2493], 0,
qOut[2494], 0,
qOut[2495], 0,
qOut[2496], 0,
qOut[2497], 0,
qOut[2498], 0,
qOut[2499], 0,
